"";"Nr";"Object";"N_Measurements";"purpose";"Special";"Commentary";"Site";"Region";"X"
"1";123;"MAR2_20";1;"pottery";"";"";"Marandet";"Marandet";NA
"2";124;"MAR2_20";2;"pottery";"";"";"Marandet";"Marandet";NA
"3";125;"MAR2_20";3;"pottery";"";"";"Marandet";"Marandet";NA
"4";126;"MAR2_3";1;"pottery";"";"";"Marandet";"Marandet";NA
"5";127;"MAR2_3";2;"pottery";"";"";"Marandet";"Marandet";NA
"6";128;"MAR2_3";3;"pottery";"";"";"Marandet";"Marandet";NA
"7";129;"MAR2_52";1;"pottery";"";"";"Marandet";"Marandet";NA
"8";149;"MAR2_52";1;"pottery";"";"";"Marandet";"Marandet";NA
"9";150;"MAR2_52";2;"pottery";"";"";"Marandet";"Marandet";NA
"10";151;"MAR3_33";1;"pottery";"";"";"Marandet";"Marandet";NA
"11";152;"MAR3_33";2;"pottery";"";"";"Marandet";"Marandet";NA
"12";153;"MAR3_33";3;"pottery";"";"";"Marandet";"Marandet";NA
"13";154;"MAR3_40";1;"pottery";"";"";"Marandet";"Marandet";NA
"14";155;"MAR3_40";2;"pottery";"";"";"Marandet";"Marandet";NA
"15";156;"MAR3_40";3;"pottery";"";"";"Marandet";"Marandet";NA
"16";157;"MAR2_1";1;"pottery";"";"";"Marandet";"Marandet";NA
"17";159;"MAR2_1";2;"pottery";"";"";"Marandet";"Marandet";NA
"18";160;"MAR2_1";3;"pottery";"";"";"Marandet";"Marandet";NA
"19";161;"MAR3_62";1;"pottery";"";"sherd1";"Marandet";"Marandet";NA
"20";162;"MAR3_62";2;"pottery";"";"sherd1";"Marandet";"Marandet";NA
"21";163;"MAR3_62";3;"pottery";"";"sherd1";"Marandet";"Marandet";NA
"22";164;"MAR3_62";1;"pottery";"";"sherd2";"Marandet";"Marandet";NA
"23";165;"MAR3_62";2;"pottery";"";"sherd2";"Marandet";"Marandet";NA
"24";166;"MAR3_62";3;"pottery";"";"sherd2";"Marandet";"Marandet";NA
"25";180;"MAR3_16";1;"pottery";"";"";"Marandet";"Marandet";NA
"26";181;"MAR3_16";2;"pottery";"";"";"Marandet";"Marandet";NA
"27";182;"MAR3_16";3;"pottery";"";"";"Marandet";"Marandet";NA
"28";183;"MAR3_48";1;"pottery";"";"";"Marandet";"Marandet";NA
"29";184;"MAR3_48";2;"pottery";"";"";"Marandet";"Marandet";NA
"30";185;"MAR3_48";3;"pottery";"";"";"Marandet";"Marandet";NA
"31";192;"KAM_74";1;"pottery";"";"";"Kamaka";"Lake_Chad_East";NA
"32";193;"KAM_74";2;"pottery";"";"";"Kamaka";"Lake_Chad_East";NA
"33";194;"KAM_74";3;"pottery";"";"";"Kamaka";"Lake_Chad_East";NA
"34";196;"TIE_81";1;"pottery";"";"";"Tie";"Lake_Chad_East";NA
"35";197;"TIE_81";2;"pottery";"";"";"Tie";"Lake_Chad_East";NA
"36";198;"TIE_81";3;"pottery";"";"";"Tie";"Lake_Chad_East";NA
"37";199;"TIE_76";1;"pottery";"";"";"Tie";"Lake_Chad_East";NA
"38";200;"TIE_76";2;"pottery";"";"";"Tie";"Lake_Chad_East";NA
"39";201;"TIE_76";3;"pottery";"";"";"Tie";"Lake_Chad_East";NA
"40";202;"TIE_75";1;"pottery";"";"";"Tie";"Lake_Chad_East";NA
"41";216;"TIE_75";2;"pottery";"";"";"Tie";"Lake_Chad_East";NA
"42";217;"TIE_75";3;"pottery";"";"";"Tie";"Lake_Chad_East";NA
"43";218;"TIE_11";1;"pottery";"";"";"Tie";"Lake_Chad_East";NA
"44";219;"TIE_11";2;"pottery";"";"";"Tie";"Lake_Chad_East";NA
"45";220;"TIE_11";3;"pottery";"";"";"Tie";"Lake_Chad_East";NA
"46";221;"TIE_83";1;"pottery";"";"";"Tie";"Lake_Chad_East";NA
"47";222;"TIE_83";2;"pottery";"";"";"Tie";"Lake_Chad_East";NA
"48";223;"TIE_83";3;"pottery";"";"";"Tie";"Lake_Chad_East";NA
"49";227;"KAM_8";1;"pottery";"";"";"Kamaka";"Lake_Chad_East";NA
"50";228;"KAM_8";2;"pottery";"";"";"Kamaka";"Lake_Chad_East";NA
"51";229;"KAM_8";3;"pottery";"";"";"Kamaka";"Lake_Chad_East";NA
"52";230;"TIE_9";1;"pottery";"";"";"Tie";"Lake_Chad_East";NA
"53";231;"TIE_9";2;"pottery";"";"";"Tie";"Lake_Chad_East";NA
"54";232;"TIE_9";3;"pottery";"";"";"Tie";"Lake_Chad_East";NA
"55";233;"TIE_66";1;"pottery";"";"";"Tie";"Lake_Chad_East";NA
"56";234;"TIE_66";2;"pottery";"";"";"Tie";"Lake_Chad_East";NA
"57";235;"TIE_66";3;"pottery";"";"";"Tie";"Lake_Chad_East";NA
"58";249;"TIE_69";1;"pottery";"";"";"Tie";"Lake_Chad_East";NA
"59";250;"TIE_69";2;"pottery";"";"";"Tie";"Lake_Chad_East";NA
"60";251;"TIE_69";3;"pottery";"";"";"Tie";"Lake_Chad_East";NA
"61";252;"TIE_64";1;"pottery";"";"";"Tie";"Lake_Chad_East";NA
"62";253;"TIE_64";2;"pottery";"";"";"Tie";"Lake_Chad_East";NA
"63";254;"TIE_64";3;"pottery";"";"";"Tie";"Lake_Chad_East";NA
"64";255;"TIE_65";1;"pottery";"";"";"Tie";"Lake_Chad_East";NA
"65";256;"TIE_65";2;"pottery";"";"";"Tie";"Lake_Chad_East";NA
"66";257;"TIE_65";3;"pottery";"";"";"Tie";"Lake_Chad_East";NA
"67";258;"TIE_70";1;"pottery";"";"";"Tie";"Lake_Chad_East";NA
"68";259;"TIE_70";2;"pottery";"";"";"Tie";"Lake_Chad_East";NA
"69";260;"TIE_70";3;"pottery";"";"";"Tie";"Lake_Chad_East";NA
"70";261;"TIE_71";1;"pottery";"";"";"Tie";"Lake_Chad_East";NA
"71";262;"TIE_71";2;"pottery";"";"";"Tie";"Lake_Chad_East";NA
"72";263;"TIE_71";3;"pottery";"";"";"Tie";"Lake_Chad_East";NA
"73";341;"KAG3_1";1;"pottery";"";"";"Karey_Gorou";"Niger_Niamey";NA
"74";342;"KAG3_1";2;"pottery";"";"";"Karey_Gorou";"Niger_Niamey";NA
"75";343;"KAG3_1";3;"pottery";"";"";"Karey_Gorou";"Niger_Niamey";NA
"76";344;"KAG5_5";1;"pottery";"";"";"Karey_Gorou";"Niger_Niamey";NA
"77";345;"KAG5_5";2;"pottery";"";"";"Karey_Gorou";"Niger_Niamey";NA
"78";346;"KAG5_5";3;"pottery";"";"";"Karey_Gorou";"Niger_Niamey";NA
"79";347;"KAG2_4";1;"pottery";"";"";"Karey_Gorou";"Niger_Niamey";NA
"80";348;"KAG2_4";2;"pottery";"";"";"Karey_Gorou";"Niger_Niamey";NA
"81";349;"KAG2_4";3;"pottery";"";"";"Karey_Gorou";"Niger_Niamey";NA
"82";353;"KAG4a_1";1;"pottery";"";"";"Karey_Gorou";"Niger_Niamey";NA
"83";354;"KAG4a_1";2;"pottery";"";"";"Karey_Gorou";"Niger_Niamey";NA
"84";355;"KAG4a_1";3;"pottery";"";"";"Karey_Gorou";"Niger_Niamey";NA
"85";356;"MAR2_214";1;"pottery";"";"";"Marandet";"Marandet";NA
"86";357;"MAR2_214";2;"pottery";"";"";"Marandet";"Marandet";NA
"87";359;"MAR3_13";1;"pottery";"";"";"Marandet";"Marandet";NA
"88";360;"MAR2_214";3;"pottery";"";"";"Marandet";"Marandet";NA
"89";361;"MAR3_13";2;"pottery";"";"";"Marandet";"Marandet";NA
"90";362;"MAR3_13";3;"pottery";"";"";"Marandet";"Marandet";NA
"91";363;"MAR3_1";1;"pottery";"";"";"Marandet";"Marandet";NA
"92";364;"MAR3_1";2;"pottery";"";"";"Marandet";"Marandet";NA
"93";365;"MAR3_1";3;"pottery";"";"";"Marandet";"Marandet";NA
"94";380;"MAR3_7";1;"pottery";"";"";"Marandet";"Marandet";NA
"95";381;"MAR3_7";2;"pottery";"";"";"Marandet";"Marandet";NA
"96";382;"MAR3_7";3;"pottery";"";"";"Marandet";"Marandet";NA
"97";383;"MAR3_47";1;"pottery";"";"";"Marandet";"Marandet";NA
"98";384;"MAR3_47";2;"pottery";"";"";"Marandet";"Marandet";NA
"99";385;"MAR3_47";3;"pottery";"";"";"Marandet";"Marandet";NA
"100";386;"MAR3_108";1;"pottery";"";"";"Marandet";"Marandet";NA
"101";387;"MAR3_108";2;"pottery";"";"";"Marandet";"Marandet";NA
"102";388;"MAR3_108";3;"pottery";"";"";"Marandet";"Marandet";NA
"103";389;"MAR3_12";1;"pottery";"";"";"Marandet";"Marandet";NA
"104";390;"MAR3_12";2;"pottery";"";"";"Marandet";"Marandet";NA
"105";391;"MAR3_12";3;"pottery";"";"";"Marandet";"Marandet";NA
"106";392;"MAR1_24";1;"pottery";"";"";"Marandet";"Marandet";NA
"107";393;"MAR1_24";2;"pottery";"";"";"Marandet";"Marandet";NA
"108";394;"MAR1_24";3;"pottery";"";"";"Marandet";"Marandet";NA
"109";395;"MAR3_66";1;"pottery";"";"";"Marandet";"Marandet";NA
"110";396;"MAR3_66";2;"pottery";"";"";"Marandet";"Marandet";NA
"111";397;"MAR3_66";3;"pottery";"";"";"Marandet";"Marandet";NA
"112";398;"MAR1_8";1;"pottery";"";"";"Marandet";"Marandet";NA
"113";399;"MAR1_8";2;"pottery";"";"";"Marandet";"Marandet";NA
"114";400;"MAR1_8";3;"pottery";"";"";"Marandet";"Marandet";NA
"115";401;"MAR3_30";1;"pottery";"";"";"Marandet";"Marandet";NA
"116";402;"MAR3_30";2;"pottery";"";"";"Marandet";"Marandet";NA
"117";403;"MAR3_30";3;"pottery";"";"";"Marandet";"Marandet";NA
"118";404;"MAR1_12";1;"pottery";"";"";"Marandet";"Marandet";NA
"119";405;"MAR1_12";2;"pottery";"";"";"Marandet";"Marandet";NA
"120";406;"MAR1_12";3;"pottery";"";"";"Marandet";"Marandet";NA
"121";407;"MAR3_10";1;"pottery";"";"";"Marandet";"Marandet";NA
"122";408;"MAR3_10";2;"pottery";"";"";"Marandet";"Marandet";NA
"123";409;"MAR3_10";3;"pottery";"";"";"Marandet";"Marandet";NA
"124";410;"MAR3_88";1;"pottery";"";"";"Marandet";"Marandet";NA
"125";411;"MAR3_88";2;"pottery";"";"";"Marandet";"Marandet";NA
"126";412;"MAR3_88";3;"pottery";"";"";"Marandet";"Marandet";NA
"127";426;"MAR2_4";1;"pottery";"";"";"Marandet";"Marandet";NA
"128";427;"MAR2_4";2;"pottery";"";"";"Marandet";"Marandet";NA
"129";428;"MAR2_4";3;"pottery";"";"";"Marandet";"Marandet";NA
"130";429;"MAR_Ub";1;"pottery";"";"";"Marandet";"Marandet";NA
"131";430;"MAR_Ub";2;"pottery";"";"";"Marandet";"Marandet";NA
"132";431;"MAR_Ub";3;"pottery";"";"";"Marandet";"Marandet";NA
"133";432;"MAR3_2";1;"pottery";"";"";"Marandet";"Marandet";NA
"134";433;"MAR3_2";2;"pottery";"";"";"Marandet";"Marandet";NA
"135";434;"MAR3_2";3;"pottery";"";"";"Marandet";"Marandet";NA
"136";438;"MAR1_16";1;"pottery";"";"";"Marandet";"Marandet";NA
"137";439;"MAR1_16";2;"pottery";"";"";"Marandet";"Marandet";NA
"138";440;"MAR1_16";3;"pottery";"";"";"Marandet";"Marandet";NA
"139";441;"MAR3_11";1;"pottery";"";"";"Marandet";"Marandet";NA
"140";442;"MAR3_11";2;"pottery";"";"";"Marandet";"Marandet";NA
"141";443;"MAR3_11";3;"pottery";"";"";"Marandet";"Marandet";NA
"142";444;"MAR3_3";1;"pottery";"";"";"Marandet";"Marandet";NA
"143";445;"MAR3_3";2;"pottery";"";"";"Marandet";"Marandet";NA
"144";446;"MAR3_3";3;"pottery";"";"";"Marandet";"Marandet";NA
"145";447;"MAR3_112";1;"pottery";"";"";"Marandet";"Marandet";NA
"146";448;"MAR3_112";2;"pottery";"";"";"Marandet";"Marandet";NA
"147";449;"MAR3_112";3;"pottery";"";"";"Marandet";"Marandet";NA
"148";450;"MAR3_36";1;"pottery";"";"";"Marandet";"Marandet";NA
"149";451;"MAR3_36";2;"pottery";"";"";"Marandet";"Marandet";NA
"150";452;"MAR3_36";3;"pottery";"";"";"Marandet";"Marandet";NA
"151";453;"MAR3_97";1;"pottery";"";"";"Marandet";"Marandet";NA
"152";454;"MAR3_97";2;"pottery";"";"";"Marandet";"Marandet";NA
"153";455;"MAR3_97";3;"pottery";"";"";"Marandet";"Marandet";NA
"154";456;"MAR3_101";1;"pottery";"";"";"Marandet";"Marandet";NA
"155";457;"MAR3_101";2;"pottery";"";"";"Marandet";"Marandet";NA
"156";458;"MAR3_101";3;"pottery";"";"";"Marandet";"Marandet";NA
"157";470;"MAR3_64";1;"pottery";"";"";"Marandet";"Marandet";NA
"158";471;"MAR3_64";2;"pottery";"";"";"Marandet";"Marandet";NA
"159";472;"MAR3_64";3;"pottery";"";"";"Marandet";"Marandet";NA
"160";473;"MAR3_15";1;"pottery";"";"";"Marandet";"Marandet";NA
"161";474;"MAR3_15";2;"pottery";"";"";"Marandet";"Marandet";NA
"162";475;"MAR3_15";3;"pottery";"";"";"Marandet";"Marandet";NA
"163";476;"MAR3_86";1;"pottery";"";"";"Marandet";"Marandet";NA
"164";477;"MAR3_86";2;"pottery";"";"";"Marandet";"Marandet";NA
"165";478;"MAR3_86";3;"pottery";"";"";"Marandet";"Marandet";NA
"166";479;"MAR3_84";1;"pottery";"";"";"Marandet";"Marandet";NA
"167";480;"MAR3_84";2;"pottery";"";"";"Marandet";"Marandet";NA
"168";481;"MAR3_84";3;"pottery";"";"";"Marandet";"Marandet";NA
"169";485;"TIE_79";1;"pottery";"";"";"Tie";"Lake_Chad_East";NA
"170";486;"TIE_79";2;"pottery";"";"";"Tie";"Lake_Chad_East";NA
"171";487;"TIE_79";3;"pottery";"";"";"Tie";"Lake_Chad_East";NA
"172";488;"TIE_68";1;"pottery";"";"";"Tie";"Lake_Chad_East";NA
"173";489;"TIE_68";2;"pottery";"";"";"Tie";"Lake_Chad_East";NA
"174";490;"TIE_68";3;"pottery";"";"";"Tie";"Lake_Chad_East";NA
"175";493;"TIE_80";1;"pottery";"";"";"Tie";"Lake_Chad_East";NA
"176";494;"TIE_80";2;"pottery";"";"";"Tie";"Lake_Chad_East";NA
"177";495;"TIE_80";3;"pottery";"";"";"Tie";"Lake_Chad_East";NA
"178";496;"TIE_14";1;"pottery";"";"";"Tie";"Lake_Chad_East";NA
"179";497;"TIE_14";2;"pottery";"";"";"Tie";"Lake_Chad_East";NA
"180";498;"TIE_14";3;"pottery";"";"";"Tie";"Lake_Chad_East";NA
"181";499;"KAM_7";1;"pottery";"";"";"Kamaka";"Lake_Chad_East";NA
"182";500;"KAM_7";2;"pottery";"";"";"Kamaka";"Lake_Chad_East";NA
"183";501;"KAM_7";3;"pottery";"";"";"Kamaka";"Lake_Chad_East";NA
"184";502;"TIE_10";1;"pottery";"";"";"Tie";"Lake_Chad_East";NA
"185";503;"TIE_10";2;"pottery";"";"";"Tie";"Lake_Chad_East";NA
"186";504;"TIE_10";3;"pottery";"";"";"Tie";"Lake_Chad_East";NA
"187";536;"KAM_6";1;"pottery";"";"";"Kamaka";"Lake_Chad_East";NA
"188";537;"KAM_6";2;"pottery";"";"";"Kamaka";"Lake_Chad_East";NA
"189";538;"KAM_6";3;"pottery";"";"";"Kamaka";"Lake_Chad_East";NA
"190";539;"TIE_86";1;"pottery";"";"";"Tie";"Lake_Chad_East";NA
"191";540;"TIE_86";2;"pottery";"";"";"Tie";"Lake_Chad_East";NA
"192";541;"TIE_86";3;"pottery";"";"";"Tie";"Lake_Chad_East";NA
"193";542;"KAM_72";1;"pottery";"";"";"Kamaka";"Lake_Chad_East";NA
"194";543;"KAM_72";2;"pottery";"";"";"Kamaka";"Lake_Chad_East";NA
"195";544;"KAM_72";3;"pottery";"";"";"Kamaka";"Lake_Chad_East";NA
"196";545;"KAM_90";1;"pottery";"";"";"Kamaka";"Lake_Chad_East";NA
"197";546;"KAM_90";2;"pottery";"";"";"Kamaka";"Lake_Chad_East";NA
"198";547;"KAM_90";3;"pottery";"";"";"Kamaka";"Lake_Chad_East";NA
"199";548;"TIE_73";1;"pottery";"";"";"Tie";"Lake_Chad_East";NA
"200";549;"TIE_73";2;"pottery";"";"";"Tie";"Lake_Chad_East";NA
"201";550;"TIE_73";3;"pottery";"";"";"Tie";"Lake_Chad_East";NA
"202";554;"KAM_1";1;"pottery";"";"";"Kamaka";"Lake_Chad_East";NA
"203";555;"KAM_1";2;"pottery";"";"";"Kamaka";"Lake_Chad_East";NA
"204";556;"KAM_1";3;"pottery";"";"";"Kamaka";"Lake_Chad_East";NA
"205";557;"KAM_88";1;"pottery";"";"";"Kamaka";"Lake_Chad_East";NA
"206";558;"KAM_88";2;"pottery";"";"";"Kamaka";"Lake_Chad_East";NA
"207";559;"KAM_88";3;"pottery";"";"";"Kamaka";"Lake_Chad_East";NA
"208";593;"ESS_1";1;"pottery";"";"";"Essouk";"Essouk";NA
"209";594;"ESS_1";2;"pottery";"";"";"Essouk";"Essouk";NA
"210";595;"ESS_1";3;"pottery";"";"";"Essouk";"Essouk";NA
"211";596;"ESS_3";1;"pottery";"";"";"Essouk";"Essouk";NA
"212";597;"ESS_3";2;"pottery";"";"";"Essouk";"Essouk";NA
"213";598;"ESS_3";3;"pottery";"";"";"Essouk";"Essouk";NA
"214";599;"ESS_7";1;"pottery";"";"";"Essouk";"Essouk";NA
"215";600;"ESS_7";2;"pottery";"";"";"Essouk";"Essouk";NA
"216";601;"ESS_7";3;"pottery";"";"";"Essouk";"Essouk";NA
"217";602;"ESS_15";1;"pottery";"";"";"Essouk";"Essouk";NA
"218";603;"ESS_15";2;"pottery";"";"";"Essouk";"Essouk";NA
"219";604;"ESS_15";3;"pottery";"";"";"Essouk";"Essouk";NA
"220";605;"ESS_20";1;"pottery";"";"";"Essouk";"Essouk";NA
"221";606;"ESS_20";2;"pottery";"";"";"Essouk";"Essouk";NA
"222";607;"ESS_20";3;"pottery";"";"";"Essouk";"Essouk";NA
"223";612;"ESS_22";1;"pottery";"";"";"Essouk";"Essouk";NA
"224";613;"ESS_22";2;"pottery";"";"";"Essouk";"Essouk";NA
"225";614;"ESS_22";3;"pottery";"";"";"Essouk";"Essouk";NA
"226";624;"DA_69";1;"pottery";"";"";"Dotsm Awaki";"Zinder";NA
"227";625;"DA_69";2;"pottery";"";"";"Dotsm Awaki";"Zinder";NA
"228";627;"DA_69";3;"pottery";"";"";"Dotsm Awaki";"Zinder";NA
"229";629;"KK_65";1;"pottery";"";"";"Kufan Kanawa";"Zinder";NA
"230";630;"KK_65";2;"pottery";"";"";"Kufan Kanawa";"Zinder";NA
"231";632;"KK_65";3;"pottery";"";"";"Kufan Kanawa";"Zinder";NA
"232";633;"KK_70";1;"pottery";"";"";"Kufan Kanawa";"Zinder";NA
"233";634;"KK_70";2;"pottery";"";"";"Kufan Kanawa";"Zinder";NA
"234";635;"KK_70";3;"pottery";"";"";"Kufan Kanawa";"Zinder";NA
"235";638;"ESS_2";1;"pottery";"";"";"Essouk";"Essouk";NA
"236";639;"ESS_2";2;"pottery";"";"";"Essouk";"Essouk";NA
"237";640;"ESS_2";3;"pottery";"";"";"Essouk";"Essouk";NA
"238";641;"ESS_4";1;"pottery";"";"";"Essouk";"Essouk";NA
"239";642;"ESS_4";2;"pottery";"";"";"Essouk";"Essouk";NA
"240";643;"ESS_4";3;"pottery";"";"";"Essouk";"Essouk";NA
"241";644;"ESS_5";1;"pottery";"";"";"Essouk";"Essouk";NA
"242";645;"ESS_5";2;"pottery";"";"";"Essouk";"Essouk";NA
"243";646;"ESS_5";3;"pottery";"";"";"Essouk";"Essouk";NA
"244";653;"ESS_6";1;"pottery";"";"";"Essouk";"Essouk";NA
"245";654;"ESS_6";2;"pottery";"";"";"Essouk";"Essouk";NA
"246";655;"ESS_6";3;"pottery";"";"";"Essouk";"Essouk";NA
"247";656;"ESS_8";1;"pottery";"";"";"Essouk";"Essouk";NA
"248";657;"ESS_8";2;"pottery";"";"";"Essouk";"Essouk";NA
"249";658;"ESS_8";3;"pottery";"";"";"Essouk";"Essouk";NA
"250";662;"ESS_10";1;"pottery";"";"";"Essouk";"Essouk";NA
"251";663;"ESS_10";2;"pottery";"";"";"Essouk";"Essouk";NA
"252";664;"ESS_10";3;"pottery";"";"";"Essouk";"Essouk";NA
"253";666;"ESS_11";1;"pottery";"";"";"Essouk";"Essouk";NA
"254";667;"ESS_11";2;"pottery";"";"";"Essouk";"Essouk";NA
"255";668;"ESS_11";3;"pottery";"";"";"Essouk";"Essouk";NA
"256";669;"ESS_12";1;"pottery";"";"";"Essouk";"Essouk";NA
"257";670;"ESS_12";2;"pottery";"";"";"Essouk";"Essouk";NA
"258";671;"ESS_12";3;"pottery";"";"";"Essouk";"Essouk";NA
"259";672;"ESS_13";1;"pottery";"";"";"Essouk";"Essouk";NA
"260";673;"ESS_13";2;"pottery";"";"";"Essouk";"Essouk";NA
"261";674;"ESS_13";3;"pottery";"";"";"Essouk";"Essouk";NA
"262";675;"ESS_14";1;"pottery";"";"";"Essouk";"Essouk";NA
"263";676;"ESS_14";2;"pottery";"";"";"Essouk";"Essouk";NA
"264";677;"ESS_14";3;"pottery";"";"";"Essouk";"Essouk";NA
"265";678;"ESS_16";1;"pottery";"";"";"Essouk";"Essouk";NA
"266";690;"ESS_16";2;"pottery";"";"";"Essouk";"Essouk";NA
"267";691;"ESS_16";3;"pottery";"";"";"Essouk";"Essouk";NA
"268";692;"ESS_17";1;"pottery";"";"";"Essouk";"Essouk";NA
"269";693;"ESS_17";2;"pottery";"";"";"Essouk";"Essouk";NA
"270";694;"ESS_17";3;"pottery";"";"";"Essouk";"Essouk";NA
"271";695;"ESS_18";1;"pottery";"";"";"Essouk";"Essouk";NA
"272";696;"ESS_18";2;"pottery";"";"";"Essouk";"Essouk";NA
"273";697;"ESS_18";3;"pottery";"";"";"Essouk";"Essouk";NA
"274";698;"ESS_21";1;"pottery";"";"";"Essouk";"Essouk";NA
"275";699;"ESS_21";2;"pottery";"";"";"Essouk";"Essouk";NA
"276";700;"ESS_21";3;"pottery";"";"";"Essouk";"Essouk";NA
"277";712;"DA_77";1;"pottery";"";"";"Dotsm Awaki";"Zinder";NA
"278";713;"DA_77";2;"pottery";"";"";"Dotsm Awaki";"Zinder";NA
"279";714;"DA_77";3;"pottery";"";"";"Dotsm Awaki";"Zinder";NA
"280";715;"DA_78";1;"pottery";"";"";"Dotsm Awaki";"Zinder";NA
"281";716;"DA_78";2;"pottery";"";"";"Dotsm Awaki";"Zinder";NA
"282";717;"DA_78";3;"pottery";"";"";"Dotsm Awaki";"Zinder";NA
"283";750;"KAM_DR";1;"pottery";"";"Doppelrand";"Kamaka";"Lake_Chad_East";NA
"284";751;"KAM_DR";2;"pottery";"";"Doppelrand";"Kamaka";"Lake_Chad_East";NA
"285";752;"KAM_DR";3;"pottery";"";"Doppelrand";"Kamaka";"Lake_Chad_East";NA
"286";756;"KAM_3";1;"pottery";"";"";"Kamaka";"Lake_Chad_East";NA
"287";757;"KAM_3";2;"pottery";"";"";"Kamaka";"Lake_Chad_East";NA
"288";758;"KAM_3";3;"pottery";"";"";"Kamaka";"Lake_Chad_East";NA
"289";760;"TIE_82";1;"pottery";"";"";"Tie";"Lake_Chad_East";NA
"290";761;"TIE_82";2;"pottery";"";"";"Tie";"Lake_Chad_East";NA
"291";762;"TIE_82";3;"pottery";"";"";"Tie";"Lake_Chad_East";NA
"292";763;"TIE_67";1;"pottery";"";"";"Tie";"Lake_Chad_East";NA
"293";764;"TIE_67";2;"pottery";"";"";"Tie";"Lake_Chad_East";NA
"294";765;"TIE_67";3;"pottery";"";"";"Tie";"Lake_Chad_East";NA
"295";766;"KAM_2";1;"pottery";"";"";"Kamaka";"Lake_Chad_East";NA
"296";767;"KAM_2";2;"pottery";"";"";"Kamaka";"Lake_Chad_East";NA
"297";768;"KAM_2";3;"pottery";"";"";"Kamaka";"Lake_Chad_East";NA
"298";775;"ZIL_2";1;"pottery";"";"";"Zillum";"Lake_Chad_Southwest";NA
"299";776;"ZIL_2";2;"pottery";"";"";"Zillum";"Lake_Chad_Southwest";NA
"300";777;"ZIL_2";3;"pottery";"";"";"Zillum";"Lake_Chad_Southwest";NA
"301";778;"TIE_63";1;"pottery";"";"";"Tie";"Lake_Chad_East";NA
"302";779;"TIE_63";2;"pottery";"";"";"Tie";"Lake_Chad_East";NA
"303";780;"ZIL_3";1;"pottery";"";"";"Zillum";"Lake_Chad_Southwest";NA
"304";781;"TIE_63";3;"pottery";"";"";"Tie";"Lake_Chad_East";NA
"305";782;"ZIL_3";2;"pottery";"";"";"Zillum";"Lake_Chad_Southwest";NA
"306";783;"ZIL_3";3;"pottery";"";"";"Zillum";"Lake_Chad_Southwest";NA
"307";799;"ZIL_8";1;"pottery";"";"";"Zillum";"Lake_Chad_Southwest";NA
"308";800;"ZIL_8";2;"pottery";"";"";"Zillum";"Lake_Chad_Southwest";NA
"309";801;"ZIL_8";3;"pottery";"";"";"Zillum";"Lake_Chad_Southwest";NA
"310";802;"ZIL_9";1;"pottery";"";"";"Zillum";"Lake_Chad_Southwest";NA
"311";803;"ZIL_9";2;"pottery";"";"";"Zillum";"Lake_Chad_Southwest";NA
"312";804;"ZIL_9";3;"pottery";"";"";"Zillum";"Lake_Chad_Southwest";NA
"313";805;"ZIL_10";1;"pottery";"";"";"Zillum";"Lake_Chad_Southwest";NA
"314";806;"ZIL_10";2;"pottery";"";"";"Zillum";"Lake_Chad_Southwest";NA
"315";807;"ZIL_10";3;"pottery";"";"";"Zillum";"Lake_Chad_Southwest";NA
"316";808;"GAR_1";1;"pottery";"";"";"Garumele";"Lake_Chad_Northwest";NA
"317";809;"GAR_1";2;"pottery";"";"";"Garumele";"Lake_Chad_Northwest";NA
"318";810;"GAR_1";3;"pottery";"";"";"Garumele";"Lake_Chad_Northwest";NA
"319";811;"GAR_1";4;"pottery";"";"";"Garumele";"Lake_Chad_Northwest";NA
"320";812;"GAR_2";1;"pottery";"";"";"Garumele";"Lake_Chad_Northwest";NA
"321";813;"GAR_2";2;"pottery";"";"";"Garumele";"Lake_Chad_Northwest";NA
"322";814;"GAR_2";3;"pottery";"";"";"Garumele";"Lake_Chad_Northwest";NA
"323";815;"GAR_3";1;"pottery";"";"";"Garumele";"Lake_Chad_Northwest";NA
"324";816;"GAR_3";2;"pottery";"";"";"Garumele";"Lake_Chad_Northwest";NA
"325";817;"GAR_3";3;"pottery";"";"";"Garumele";"Lake_Chad_Northwest";NA
"326";818;"GAR_4";1;"pottery";"";"";"Garumele";"Lake_Chad_Northwest";NA
"327";819;"GAR_4";2;"pottery";"";"";"Garumele";"Lake_Chad_Northwest";NA
"328";820;"GAR_4";3;"pottery";"";"";"Garumele";"Lake_Chad_Northwest";NA
"329";821;"GAR_5";1;"pottery";"";"";"Garumele";"Lake_Chad_Northwest";NA
"330";822;"GAR_5";2;"pottery";"";"";"Garumele";"Lake_Chad_Northwest";NA
"331";823;"GAR_5";3;"pottery";"";"";"Garumele";"Lake_Chad_Northwest";NA
"332";824;"GAR_6";1;"pottery";"";"";"Garumele";"Lake_Chad_Northwest";NA
"333";825;"GAR_6";2;"pottery";"";"";"Garumele";"Lake_Chad_Northwest";NA
"334";826;"GAR_6";3;"pottery";"";"";"Garumele";"Lake_Chad_Northwest";NA
"335";827;"GAR_7";1;"pottery";"";"";"Garumele";"Lake_Chad_Northwest";NA
"336";828;"GAR_7";2;"pottery";"";"";"Garumele";"Lake_Chad_Northwest";NA
"337";829;"GAR_7";3;"pottery";"";"";"Garumele";"Lake_Chad_Northwest";NA
"338";830;"GAR_8";1;"pottery";"";"";"Garumele";"Lake_Chad_Northwest";NA
"339";831;"GAR_8";2;"pottery";"";"";"Garumele";"Lake_Chad_Northwest";NA
"340";832;"GAR_8";3;"pottery";"";"";"Garumele";"Lake_Chad_Northwest";NA
"341";833;"GAR_9";1;"pottery";"";"";"Garumele";"Lake_Chad_Northwest";NA
"342";834;"GAR_9";2;"pottery";"";"";"Garumele";"Lake_Chad_Northwest";NA
"343";835;"GAR_9";3;"pottery";"";"";"Garumele";"Lake_Chad_Northwest";NA
"344";836;"GAR_10";1;"pottery";"";"";"Garumele";"Lake_Chad_Northwest";NA
"345";837;"GAR_10";2;"pottery";"";"";"Garumele";"Lake_Chad_Northwest";NA
"346";838;"GAR_10";3;"pottery";"";"";"Garumele";"Lake_Chad_Northwest";NA
"347";872;"WAL_1";1;"pottery";"";"";"Walasa";"Lake_Chad_South";NA
"348";873;"WAL_1";2;"pottery";"";"";"Walasa";"Lake_Chad_South";NA
"349";874;"WAL_1";3;"pottery";"";"";"Walasa";"Lake_Chad_South";NA
"350";875;"WAL_2";1;"pottery";"";"";"Walasa";"Lake_Chad_South";NA
"351";876;"WAL_2";2;"pottery";"";"";"Walasa";"Lake_Chad_South";NA
"352";877;"WAL_2";3;"pottery";"";"";"Walasa";"Lake_Chad_South";NA
"353";878;"WAL_3";1;"pottery";"";"";"Walasa";"Lake_Chad_South";NA
"354";879;"WAL_3";2;"pottery";"";"";"Walasa";"Lake_Chad_South";NA
"355";880;"WAL_3";3;"pottery";"";"";"Walasa";"Lake_Chad_South";NA
"356";882;"WAL_4";1;"pottery";"";"";"Walasa";"Lake_Chad_South";NA
"357";883;"WAL_4";2;"pottery";"";"";"Walasa";"Lake_Chad_South";NA
"358";886;"WAL_4";3;"pottery";"";"";"Walasa";"Lake_Chad_South";NA
"359";887;"WAL_5";1;"pottery";"";"";"Walasa";"Lake_Chad_South";NA
"360";888;"WAL_5";2;"pottery";"";"";"Walasa";"Lake_Chad_South";NA
"361";889;"WAL_5";3;"pottery";"";"";"Walasa";"Lake_Chad_South";NA
"362";890;"WAL_6";1;"pottery";"";"";"Walasa";"Lake_Chad_South";NA
"363";891;"WAL_6";2;"pottery";"";"";"Walasa";"Lake_Chad_South";NA
"364";892;"WAL_6";3;"pottery";"";"";"Walasa";"Lake_Chad_South";NA
"365";893;"WAL_7";1;"pottery";"";"";"Walasa";"Lake_Chad_South";NA
"366";894;"WAL_7";2;"pottery";"";"";"Walasa";"Lake_Chad_South";NA
"367";895;"WAL_7";3;"pottery";"";"";"Walasa";"Lake_Chad_South";NA
"368";896;"WAL_8";1;"pottery";"";"";"Walasa";"Lake_Chad_South";NA
"369";897;"WAL_8";2;"pottery";"";"";"Walasa";"Lake_Chad_South";NA
"370";898;"WAL_8";3;"pottery";"";"";"Walasa";"Lake_Chad_South";NA
"371";899;"WAL_9";1;"pottery";"";"";"Walasa";"Lake_Chad_South";NA
"372";900;"WAL_9";2;"pottery";"";"";"Walasa";"Lake_Chad_South";NA
"373";901;"WAL_9";3;"pottery";"";"";"Walasa";"Lake_Chad_South";NA
"374";902;"WAL_10";1;"pottery";"";"";"Walasa";"Lake_Chad_South";NA
"375";903;"WAL_10";2;"pottery";"";"";"Walasa";"Lake_Chad_South";NA
"376";904;"WAL_10";3;"pottery";"";"";"Walasa";"Lake_Chad_South";NA
"377";906;"MAR1_4";1;"pottery";"";"";"Marandet";"Marandet";NA
"378";907;"MAR1_4";2;"pottery";"";"";"Marandet";"Marandet";NA
"379";908;"MAR1_4";3;"pottery";"";"";"Marandet";"Marandet";NA
"380";912;"MAR3_25";1;"pottery";"";"";"Marandet";"Marandet";NA
"381";913;"MAR3_25";2;"pottery";"";"";"Marandet";"Marandet";NA
"382";914;"MAR3_25";3;"pottery";"";"";"Marandet";"Marandet";NA
"383";915;"MAR3_45";1;"pottery";"";"";"Marandet";"Marandet";NA
"384";916;"MAR3_45";2;"pottery";"";"";"Marandet";"Marandet";NA
"385";917;"MAR3_45";3;"pottery";"";"";"Marandet";"Marandet";NA
"386";918;"NL_70";1;"pottery";"";"grosse Scherbe";"Ngala";"Lake_Chad_South";NA
"387";919;"NL_70";2;"pottery";"";"";"Ngala";"Lake_Chad_South";NA
"388";920;"NL_70";3;"pottery";"";"";"Ngala";"Lake_Chad_South";NA
"389";923;"MAR3_201";1;"pottery";"";"";"Marandet";"Marandet";NA
"390";924;"MAR3_201";2;"pottery";"";"";"Marandet";"Marandet";NA
"391";925;"MAR3_201";3;"pottery";"";"";"Marandet";"Marandet";NA
"392";926;"MAR3_102";1;"pottery";"";"";"Marandet";"Marandet";NA
"393";927;"MAR3_102";2;"pottery";"";"";"Marandet";"Marandet";NA
"394";928;"MAR3_102";3;"pottery";"";"";"Marandet";"Marandet";NA
"395";929;"MAR3_40";1;"pottery";"";"";"Marandet";"Marandet";NA
"396";930;"MAR3_40";2;"pottery";"";"";"Marandet";"Marandet";NA
"397";931;"MAR3_40";3;"pottery";"";"";"Marandet";"Marandet";NA
"398";932;"MAR2_38";1;"pottery";"";"";"Marandet";"Marandet";NA
"399";933;"MAR2_38";2;"pottery";"";"";"Marandet";"Marandet";NA
"400";934;"MAR2_38";3;"pottery";"";"";"Marandet";"Marandet";NA
"401";935;"MAR3_202";1;"pottery";"";"";"Marandet";"Marandet";NA
"402";936;"MAR3_202";2;"pottery";"";"";"Marandet";"Marandet";NA
"403";937;"MAR3_202";3;"pottery";"";"";"Marandet";"Marandet";NA
"404";938;"MAR2_203";1;"pottery";"";"";"Marandet";"Marandet";NA
"405";939;"MAR2_203";2;"pottery";"";"";"Marandet";"Marandet";NA
"406";940;"MAR2_203";3;"pottery";"";"";"Marandet";"Marandet";NA
"407";941;"MAR3_97";1;"pottery";"";"";"Marandet";"Marandet";NA
"408";942;"MAR3_97";2;"pottery";"";"";"Marandet";"Marandet";NA
"409";943;"MAR3_97";3;"pottery";"";"";"Marandet";"Marandet";NA
"410";944;"MAR1_1";1;"pottery";"";"";"Marandet";"Marandet";NA
"411";945;"MAR1_1";2;"pottery";"";"";"Marandet";"Marandet";NA
"412";946;"MAR1_1";3;"pottery";"";"";"Marandet";"Marandet";NA
"413";947;"MAR3_9";1;"pottery";"";"";"Marandet";"Marandet";NA
"414";948;"MAR3_9";2;"pottery";"";"";"Marandet";"Marandet";NA
"415";949;"MAR3_9";3;"pottery";"";"";"Marandet";"Marandet";NA
"416";953;"MAR_204";1;"pottery";"";"";"Marandet";"Marandet";NA
"417";954;"MAR_204";2;"pottery";"";"";"Marandet";"Marandet";NA
"418";955;"MAR_204";3;"pottery";"";"";"Marandet";"Marandet";NA
"419";956;"MAR3_104";1;"pottery";"";"";"Marandet";"Marandet";NA
"420";957;"MAR3_104";2;"pottery";"";"";"Marandet";"Marandet";NA
"421";958;"MAR3_104";3;"pottery";"";"";"Marandet";"Marandet";NA
"422";959;"MAR1_24";1;"pottery";"";"ID nachpruefen (ehem MAR3_24)";"Marandet";"Marandet";NA
"423";960;"MAR1_24";2;"pottery";"";"ID nachpruefen (ehem MAR3_24)";"Marandet";"Marandet";NA
"424";961;"MAR1_24";3;"pottery";"";"ID nachpruefen (ehem MAR3_24)";"Marandet";"Marandet";NA
"425";969;"MAR_206";1;"pottery";"";"";"Marandet";"Marandet";NA
"426";970;"MAR_206";2;"pottery";"";"";"Marandet";"Marandet";NA
"427";971;"MAR_206";3;"pottery";"";"";"Marandet";"Marandet";NA
"428";972;"MAR_205";1;"pottery";"";"";"Marandet";"Marandet";NA
"429";973;"MAR_205";2;"pottery";"";"";"Marandet";"Marandet";NA
"430";974;"MAR_205";3;"pottery";"";"";"Marandet";"Marandet";NA
"431";975;"MAR3_207";1;"pottery";"";"";"Marandet";"Marandet";NA
"432";976;"MAR3_207";2;"pottery";"";"";"Marandet";"Marandet";NA
"433";977;"MAR3_207";3;"pottery";"";"";"Marandet";"Marandet";NA
"434";978;"MAR3_208";1;"pottery";"";"verunreinigt";"Marandet";"Marandet";NA
"435";979;"MAR3_208";2;"pottery";"";"verunreinigt";"Marandet";"Marandet";NA
"436";980;"MAR3_208";3;"pottery";"";"verunreinigt";"Marandet";"Marandet";NA
"437";981;"MAR3_209";1;"pottery";"";"verunreinigt";"Marandet";"Marandet";NA
"438";982;"MAR3_209";2;"pottery";"";"verunreinigt";"Marandet";"Marandet";NA
"439";983;"MAR3_209";3;"pottery";"";"verunreinigt";"Marandet";"Marandet";NA
"440";992;"MAR1_45";1;"pottery";"";"";"Marandet";"Marandet";NA
"441";993;"MAR1_45";2;"pottery";"";"";"Marandet";"Marandet";NA
"442";994;"MAR1_45";3;"pottery";"";"";"Marandet";"Marandet";NA
"443";995;"MAR3_34";1;"pottery";"";"";"Marandet";"Marandet";NA
"444";996;"MAR3_34";2;"pottery";"";"";"Marandet";"Marandet";NA
"445";999;"MAR3_34";3;"pottery";"";"";"Marandet";"Marandet";NA
"446";1000;"MAR2_13";1;"pottery";"";"";"Marandet";"Marandet";NA
"447";1001;"MAR2_13";2;"pottery";"";"";"Marandet";"Marandet";NA
"448";1002;"MAR2_13";3;"pottery";"";"";"Marandet";"Marandet";NA
"449";1003;"MAR2_36";1;"pottery";"";"";"Marandet";"Marandet";NA
"450";1004;"MAR2_36";2;"pottery";"";"";"Marandet";"Marandet";NA
"451";1005;"MAR2_36";3;"pottery";"";"";"Marandet";"Marandet";NA
"452";1006;"MAR2_39";1;"pottery";"";"";"Marandet";"Marandet";NA
"453";1007;"MAR2_39";2;"pottery";"";"";"Marandet";"Marandet";NA
"454";1010;"MAR2_39";3;"pottery";"";"";"Marandet";"Marandet";NA
"455";1011;"MAR_210";1;"pottery";"";"";"Marandet";"Marandet";NA
"456";1012;"MAR_210";2;"pottery";"";"";"Marandet";"Marandet";NA
"457";1013;"MAR_210";3;"pottery";"";"";"Marandet";"Marandet";NA
"458";1014;"MAR1_3";1;"pottery";"";"";"Marandet";"Marandet";NA
"459";1015;"MAR1_3";2;"pottery";"";"";"Marandet";"Marandet";NA
"460";1016;"MAR1_3";3;"pottery";"";"";"Marandet";"Marandet";NA
"461";1017;"MAR1_42";1;"pottery";"";"";"Marandet";"Marandet";NA
"462";1018;"MAR1_42";2;"pottery";"";"";"Marandet";"Marandet";NA
"463";1019;"MAR1_42";3;"pottery";"";"";"Marandet";"Marandet";NA
"464";1020;"MAR1_33";1;"pottery";"";"";"Marandet";"Marandet";NA
"465";1021;"MAR1_33";2;"pottery";"";"";"Marandet";"Marandet";NA
"466";1022;"MAR1_33";3;"pottery";"";"";"Marandet";"Marandet";NA
"467";1023;"MAR3_6";1;"pottery";"";"";"Marandet";"Marandet";NA
"468";1024;"MAR3_6";2;"pottery";"";"";"Marandet";"Marandet";NA
"469";1025;"MAR3_6";3;"pottery";"";"";"Marandet";"Marandet";NA
"470";1026;"MAR3_85";1;"pottery";"";"";"Marandet";"Marandet";NA
"471";1027;"MAR3_85";2;"pottery";"";"";"Marandet";"Marandet";NA
"472";1028;"MAR3_85";3;"pottery";"";"";"Marandet";"Marandet";NA
"473";1032;"MAR2_25";1;"pottery";"";"";"Marandet";"Marandet";NA
"474";1034;"MAR2_25";2;"pottery";"";"";"Marandet";"Marandet";NA
"475";1035;"MAR2_25";3;"pottery";"";"";"Marandet";"Marandet";NA
"476";1036;"MAR1_21";1;"pottery";"";"";"Marandet";"Marandet";NA
"477";1037;"MAR1_21";2;"pottery";"";"";"Marandet";"Marandet";NA
"478";1038;"MAR1_21";3;"pottery";"";"";"Marandet";"Marandet";NA
"479";1039;"MAR2_37";1;"pottery";"";"";"Marandet";"Marandet";NA
"480";1040;"MAR2_37";2;"pottery";"";"";"Marandet";"Marandet";NA
"481";1041;"MAR2_37";3;"pottery";"";"";"Marandet";"Marandet";NA
"482";1042;"MAR3_211";1;"pottery";"";"";"Marandet";"Marandet";NA
"483";1043;"MAR3_211";2;"pottery";"";"";"Marandet";"Marandet";NA
"484";1044;"MAR3_211";3;"pottery";"";"";"Marandet";"Marandet";NA
"485";1045;"MAR1_32";1;"pottery";"";"";"Marandet";"Marandet";NA
"486";1047;"MAR1_32";2;"pottery";"";"";"Marandet";"Marandet";NA
"487";1048;"MAR1_32";3;"pottery";"";"";"Marandet";"Marandet";NA
"488";1049;"MAR_212";1;"pottery";"";"";"Marandet";"Marandet";NA
"489";1050;"MAR_212";2;"pottery";"";"";"Marandet";"Marandet";NA
"490";1051;"MAR_212";3;"pottery";"";"";"Marandet";"Marandet";NA
"491";1052;"MAR1_39";1;"pottery";"";"";"Marandet";"Marandet";NA
"492";1053;"MAR1_39";2;"pottery";"";"";"Marandet";"Marandet";NA
"493";1054;"MAR1_39";3;"pottery";"";"";"Marandet";"Marandet";NA
"494";1055;"MAR2_28";1;"pottery";"";"";"Marandet";"Marandet";NA
"495";1056;"MAR2_28";2;"pottery";"";"";"Marandet";"Marandet";NA
"496";1060;"MAR2_28";3;"pottery";"";"";"Marandet";"Marandet";NA
"497";1061;"MAR3_36";1;"pottery";"";"";"Marandet";"Marandet";NA
"498";1062;"MAR3_36";2;"pottery";"";"";"Marandet";"Marandet";NA
"499";1063;"MAR3_36";3;"pottery";"";"";"Marandet";"Marandet";NA
"500";1064;"MAR1_34";1;"pottery";"";"";"Marandet";"Marandet";NA
"501";1065;"MAR1_34";2;"pottery";"";"";"Marandet";"Marandet";NA
"502";1066;"MAR1_34";3;"pottery";"";"";"Marandet";"Marandet";NA
"503";1067;"MAR3_114";1;"pottery";"";"";"Marandet";"Marandet";NA
"504";1068;"MAR3_114";2;"pottery";"";"";"Marandet";"Marandet";NA
"505";1069;"MAR3_114";3;"pottery";"";"";"Marandet";"Marandet";NA
"506";1070;"MAR3_65";1;"pottery";"";"";"Marandet";"Marandet";NA
"507";1071;"MAR3_65";2;"pottery";"";"";"Marandet";"Marandet";NA
"508";1072;"MAR3_65";3;"pottery";"";"";"Marandet";"Marandet";NA
"509";1073;"MAR_213";1;"pottery";"";"";"Marandet";"Marandet";NA
"510";1074;"MAR_213";2;"pottery";"";"";"Marandet";"Marandet";NA
"511";1075;"MAR_213";3;"pottery";"";"";"Marandet";"Marandet";NA
"512";1076;"MAR3_100";1;"pottery";"";"";"Marandet";"Marandet";NA
"513";1077;"MAR3_100";2;"pottery";"";"";"Marandet";"Marandet";NA
"514";1078;"MAR3_100";3;"pottery";"";"";"Marandet";"Marandet";NA
"515";1080;"MAR3_22";1;"pottery";"";"";"Marandet";"Marandet";NA
"516";1081;"MAR3_22";2;"pottery";"";"";"Marandet";"Marandet";NA
"517";1082;"MAR3_22";3;"pottery";"";"";"Marandet";"Marandet";NA
"518";1083;"MAR3_52";1;"pottery";"";"";"Marandet";"Marandet";NA
"519";1084;"MAR3_52";2;"pottery";"";"";"Marandet";"Marandet";NA
"520";1085;"MAR3_52";3;"pottery";"";"";"Marandet";"Marandet";NA
"521";1088;"MAR1_18";1;"pottery";"";"";"Marandet";"Marandet";NA
"522";1089;"MAR1_18";2;"pottery";"";"";"Marandet";"Marandet";NA
"523";1090;"MAR1_18";3;"pottery";"";"";"Marandet";"Marandet";NA
"524";1091;"MAR3_54";1;"pottery";"";"";"Marandet";"Marandet";NA
"525";1092;"MAR3_54";2;"pottery";"";"";"Marandet";"Marandet";NA
"526";1093;"MAR3_54";3;"pottery";"";"";"Marandet";"Marandet";NA
"527";1094;"MAR3_31";1;"pottery";"";"";"Marandet";"Marandet";NA
"528";1095;"MAR3_31";2;"pottery";"";"";"Marandet";"Marandet";NA
"529";1096;"MAR3_31";3;"pottery";"";"";"Marandet";"Marandet";NA
"530";1097;"MAR1_22";1;"pottery";"";"";"Marandet";"Marandet";NA
"531";1098;"MAR1_22";2;"pottery";"";"";"Marandet";"Marandet";NA
"532";1099;"MAR1_22";3;"pottery";"";"";"Marandet";"Marandet";NA
"533";1100;"MAR2_47";1;"pottery";"";"";"Marandet";"Marandet";NA
"534";1101;"MAR2_47";2;"pottery";"";"";"Marandet";"Marandet";NA
"535";1102;"MAR2_47";3;"pottery";"";"";"Marandet";"Marandet";NA
"536";1103;"MAR3_3";4;"pottery";"";"";"Marandet";"Marandet";NA
"537";1104;"MAR2_42";1;"pottery";"";"";"Marandet";"Marandet";NA
"538";1105;"MAR2_42";2;"pottery";"";"";"Marandet";"Marandet";NA
"539";1106;"MAR2_42";3;"pottery";"";"";"Marandet";"Marandet";NA
"540";1107;"MAR3_45";1;"pottery";"";"";"Marandet";"Marandet";NA
"541";1108;"MAR3_45";2;"pottery";"";"";"Marandet";"Marandet";NA
"542";1109;"MAR3_45";3;"pottery";"";"";"Marandet";"Marandet";NA
"543";1110;"MAR2_41";1;"pottery";"";"";"Marandet";"Marandet";NA
"544";1111;"MAR2_41";2;"pottery";"";"";"Marandet";"Marandet";NA
"545";1112;"MAR2_41";3;"pottery";"";"";"Marandet";"Marandet";NA
"546";1113;"MAR2_30";1;"pottery";"";"";"Marandet";"Marandet";NA
"547";1114;"MAR2_30";2;"pottery";"";"";"Marandet";"Marandet";NA
"548";1118;"MAR2_30";3;"pottery";"";"";"Marandet";"Marandet";NA
"549";1419;"GAR_11";1;"pottery";"";"verunreinigt";"Garumele";"Lake_Chad_Northwest";NA
"550";1420;"GAR_11";2;"pottery";"";"verunreinigt";"Garumele";"Lake_Chad_Northwest";NA
"551";1421;"GAR_11";3;"pottery";"";"verunreinigt";"Garumele";"Lake_Chad_Northwest";NA
"552";1422;"GAR_12";1;"pottery";"";"verunreinigt";"Garumele";"Lake_Chad_Northwest";NA
"553";1423;"GAR_12";2;"pottery";"";"verunreinigt";"Garumele";"Lake_Chad_Northwest";NA
"554";1424;"GAR_12";3;"pottery";"";"verunreinigt";"Garumele";"Lake_Chad_Northwest";NA
"555";1425;"GAR_13";1;"pottery";"";"verunreinigt";"Garumele";"Lake_Chad_Northwest";NA
"556";1426;"GAR_13";2;"pottery";"";"verunreinigt";"Garumele";"Lake_Chad_Northwest";NA
"557";1427;"GAR_13";3;"pottery";"";"verunreinigt";"Garumele";"Lake_Chad_Northwest";NA
"558";1428;"GAR_14";1;"pottery";"";"verunreinigt";"Garumele";"Lake_Chad_Northwest";NA
"559";1429;"GAR_14";2;"pottery";"";"verunreinigt";"Garumele";"Lake_Chad_Northwest";NA
"560";1430;"GAR_14";3;"pottery";"";"verunreinigt";"Garumele";"Lake_Chad_Northwest";NA
"561";1431;"GAR_15";1;"pottery";"";"verunreinigt";"Garumele";"Lake_Chad_Northwest";NA
"562";1432;"GAR_15";2;"pottery";"";"verunreinigt";"Garumele";"Lake_Chad_Northwest";NA
"563";1433;"GAR_15";3;"pottery";"";"verunreinigt";"Garumele";"Lake_Chad_Northwest";NA
"564";1434;"GAR_16";1;"pottery";"";"verunreinigt";"Garumele";"Lake_Chad_Northwest";NA
"565";1435;"GAR_16";2;"pottery";"";"verunreinigt";"Garumele";"Lake_Chad_Northwest";NA
"566";1436;"GAR_16";3;"pottery";"";"verunreinigt";"Garumele";"Lake_Chad_Northwest";NA
"567";1437;"GAZ_1";1;"pottery";"";"set1";"Birni_Gazargamo";"Lake_Chad_West";NA
"568";1438;"GAZ_1";2;"pottery";"";"set1";"Birni_Gazargamo";"Lake_Chad_West";NA
"569";1439;"GAZ_1";3;"pottery";"";"set1";"Birni_Gazargamo";"Lake_Chad_West";NA
"570";1440;"GAZ_2";1;"pottery";"";"set1";"Birni_Gazargamo";"Lake_Chad_West";NA
"571";1441;"GAZ_2";2;"pottery";"";"set1";"Birni_Gazargamo";"Lake_Chad_West";NA
"572";1442;"GAZ_2";3;"pottery";"";"set1";"Birni_Gazargamo";"Lake_Chad_West";NA
"573";1443;"GAZ_3";1;"pottery";"";"set1";"Birni_Gazargamo";"Lake_Chad_West";NA
"574";1444;"GAZ_3";2;"pottery";"";"set1";"Birni_Gazargamo";"Lake_Chad_West";NA
"575";1445;"GAZ_3";3;"pottery";"";"set1";"Birni_Gazargamo";"Lake_Chad_West";NA
"576";1446;"GAZ_4";1;"pottery";"";"set1";"Birni_Gazargamo";"Lake_Chad_West";NA
"577";1447;"GAZ_4";2;"pottery";"";"set1";"Birni_Gazargamo";"Lake_Chad_West";NA
"578";1448;"GAZ_4";3;"pottery";"";"set1";"Birni_Gazargamo";"Lake_Chad_West";NA
"579";1452;"GAZ_5";1;"pottery";"";"set1";"Birni_Gazargamo";"Lake_Chad_West";NA
"580";1453;"GAZ_5";2;"pottery";"";"set1";"Birni_Gazargamo";"Lake_Chad_West";NA
"581";1454;"GAZ_5";3;"pottery";"";"set1";"Birni_Gazargamo";"Lake_Chad_West";NA
"582";1459;"KAG3_5";1;"pottery";"";"";"Karey_Gorou";"Niger_Niamey";NA
"583";1460;"KAG3_5";2;"pottery";"";"";"Karey_Gorou";"Niger_Niamey";NA
"584";1461;"KAG3_5";3;"pottery";"";"";"Karey_Gorou";"Niger_Niamey";NA
"585";1462;"KAG4a_3";1;"pottery";"";"";"Karey_Gorou";"Niger_Niamey";NA
"586";1463;"KAG4a_3";2;"pottery";"";"";"Karey_Gorou";"Niger_Niamey";NA
"587";1464;"KAG4a_3";3;"pottery";"";"";"Karey_Gorou";"Niger_Niamey";NA
"588";1465;"MAR3_39";1;"pottery";"";"";"Marandet";"Marandet";NA
"589";1466;"MAR3_39";2;"pottery";"";"";"Marandet";"Marandet";NA
"590";1467;"MAR3_39";3;"pottery";"";"";"Marandet";"Marandet";NA
"591";1468;"MAR3_215";1;"pottery";"";"";"Marandet";"Marandet";NA
"592";1470;"MAR3_215";2;"pottery";"";"";"Marandet";"Marandet";NA
"593";1471;"MAR3_215";3;"pottery";"";"";"Marandet";"Marandet";NA
"594";1478;"MAR3_20";1;"pottery";"";"";"Marandet";"Marandet";NA
"595";1479;"MAR3_20";2;"pottery";"";"";"Marandet";"Marandet";NA
"596";1480;"MAR3_20";3;"pottery";"";"";"Marandet";"Marandet";NA
"597";1483;"KAG2_4";1;"pottery";"";"";"Karey_Gorou";"Niger_Niamey";NA
"598";1484;"KAG2_4";2;"pottery";"";"";"Karey_Gorou";"Niger_Niamey";NA
"599";1485;"KAG2_4";3;"pottery";"";"";"Karey_Gorou";"Niger_Niamey";NA
"600";1486;"KAG4a_2";1;"pottery";"";"";"Karey_Gorou";"Niger_Niamey";NA
"601";1487;"KAG4a_2";2;"pottery";"";"";"Karey_Gorou";"Niger_Niamey";NA
"602";1488;"KAG4a_2";3;"pottery";"";"";"Karey_Gorou";"Niger_Niamey";NA
"603";1548;"KAG3_2";1;"pottery";"";"";"Karey_Gorou";"Niger_Niamey";NA
"604";1549;"KAG3_2";2;"pottery";"";"";"Karey_Gorou";"Niger_Niamey";NA
"605";1550;"KAG3_2";3;"pottery";"";"";"Karey_Gorou";"Niger_Niamey";NA
"606";1554;"KAG5_7";1;"";"";"";"Karey_Gorou";"Niger_Niamey";NA
"607";1557;"KAG5_7";2;"";"";"";"Karey_Gorou";"Niger_Niamey";NA
"608";1558;"KAG5_7";3;"";"";"";"Karey_Gorou";"Niger_Niamey";NA
"609";1563;"KAG2_2";1;"pottery";"";"";"Karey_Gorou";"Niger_Niamey";NA
"610";1564;"KAG2_2";2;"pottery";"";"";"Karey_Gorou";"Niger_Niamey";NA
"611";1565;"KAG2_2";3;"pottery";"";"";"Karey_Gorou";"Niger_Niamey";NA
"612";1571;"TIE_77";1;"pottery";"";"Zweitmessung";"Tie";"Lake_Chad_East";NA
"613";1572;"TIE_77";2;"pottery";"";"Zweitmessung";"Tie";"Lake_Chad_East";NA
"614";1573;"TIE_77";3;"pottery";"";"Zweitmessung";"Tie";"Lake_Chad_East";NA
"615";1574;"TIE_85";1;"pottery";"";"Zweitmessung";"Tie";"Lake_Chad_East";NA
"616";1575;"TIE_85";2;"pottery";"";"Zweitmessung";"Tie";"Lake_Chad_East";NA
"617";1576;"TIE_85";3;"pottery";"";"Zweitmessung";"Tie";"Lake_Chad_East";NA
"618";1577;"KAM_87";1;"pottery";"";"Zweitmessung";"Kamaka";"Lake_Chad_East";NA
"619";1578;"KAM_87";2;"pottery";"";"Zweitmessung";"Kamaka";"Lake_Chad_East";NA
"620";1579;"KAM_87";3;"pottery";"";"Zweitmessung";"Kamaka";"Lake_Chad_East";NA
"621";1582;"TIE_62";1;"pottery";"";"Zweitmessung";"Tie";"Lake_Chad_East";NA
"622";1583;"TIE_62";2;"pottery";"";"Zweitmessung";"Tie";"Lake_Chad_East";NA
"623";1584;"TIE_62";3;"pottery";"";"Zweitmessung";"Tie";"Lake_Chad_East";NA
"624";1585;"KAM_89";1;"pottery";"";"Zweitmessung";"Kamaka";"Lake_Chad_East";NA
"625";1586;"KAM_89";2;"pottery";"";"Zweitmessung";"Kamaka";"Lake_Chad_East";NA
"626";1587;"KAM_89";3;"pottery";"";"Zweitmessung";"Kamaka";"Lake_Chad_East";NA
"627";1591;"GN_55";1;"pottery";"";"Zweitmessung";"Ganuwa";"Zinder";NA
"628";1592;"GN_55";2;"pottery";"";"Zweitmessung";"Ganuwa";"Zinder";NA
"629";1593;"GN_55";3;"pottery";"";"Zweitmessung";"Ganuwa";"Zinder";NA
"630";1594;"DA_68";1;"pottery";"";"Zweitmessung";"Dotsm Awaki";"Zinder";NA
"631";1595;"DA_68";2;"pottery";"";"Zweitmessung";"Dotsm Awaki";"Zinder";NA
"632";1596;"DA_68";3;"pottery";"";"Zweitmessung";"Dotsm Awaki";"Zinder";NA
"633";1599;"KK_62";1;"pottery";"";"Zweitmessung";"Kufan Kanawa";"Zinder";NA
"634";1600;"KK_62";2;"pottery";"";"Zweitmessung";"Kufan Kanawa";"Zinder";NA
"635";1601;"KK_62";3;"pottery";"";"Zweitmessung";"Kufan Kanawa";"Zinder";NA
"636";1602;"GN_74";1;"pottery";"";"Zweitmessung";"Ganuwa";"Zinder";NA
"637";1603;"GN_74";2;"pottery";"";"Zweitmessung";"Ganuwa";"Zinder";NA
"638";1604;"GN_74";3;"pottery";"";"Zweitmessung";"Ganuwa";"Zinder";NA
"639";1605;"TIE_J6";1;"brick";"";"Zweitmessung";"Tie";"Lake_Chad_East";NA
"640";1606;"TIE_J6";2;"brick";"";"Zweitmessung";"Tie";"Lake_Chad_East";NA
"641";1607;"TIE_J6";3;"brick";"";"Zweitmessung";"Tie";"Lake_Chad_East";NA
"642";1608;"TIE_S2";1;"brick";"";"Zweitmessung";"Tie";"Lake_Chad_East";NA
"643";1609;"TIE_S2";2;"brick";"";"Zweitmessung";"Tie";"Lake_Chad_East";NA
"644";1610;"TIE_S2";3;"brick";"";"Zweitmessung";"Tie";"Lake_Chad_East";NA
"645";1629;"MAR3_83";1;"pottery";"";"";"Marandet";"Marandet";NA
"646";1630;"MAR3_83";2;"pottery";"";"";"Marandet";"Marandet";NA
"647";1631;"MAR3_83";3;"pottery";"";"";"Marandet";"Marandet";NA
"648";1632;"MAR_216";1;"pottery";"";"";"Marandet";"Marandet";NA
"649";1633;"MAR_216";2;"pottery";"";"";"Marandet";"Marandet";NA
"650";1634;"MAR_216";3;"pottery";"";"";"Marandet";"Marandet";NA
"651";1635;"MAR1_7";1;"pottery";"";"";"Marandet";"Marandet";NA
"652";1636;"MAR1_7";2;"pottery";"";"";"Marandet";"Marandet";NA
"653";1637;"MAR1_7";3;"pottery";"";"";"Marandet";"Marandet";NA
"654";1640;"MAR_217";1;"pottery";"";"";"Marandet";"Marandet";NA
"655";1641;"MAR_217";2;"pottery";"";"";"Marandet";"Marandet";NA
"656";1642;"MAR_217";3;"pottery";"";"";"Marandet";"Marandet";NA
"657";1643;"MAR1_15";1;"pottery";"";"verunreinigt";"Marandet";"Marandet";NA
"658";1644;"MAR1_15";2;"pottery";"";"verunreinigt";"Marandet";"Marandet";NA
"659";1645;"MAR1_15";3;"pottery";"";"verunreinigt";"Marandet";"Marandet";NA
"660";1646;"MAR1_5";1;"pottery";"";"verunreinigt";"Marandet";"Marandet";NA
"661";1647;"MAR1_5";2;"pottery";"";"verunreinigt";"Marandet";"Marandet";NA
"662";1648;"MAR1_5";3;"pottery";"";"verunreinigt";"Marandet";"Marandet";NA
"663";1655;"KAG2_2";1;"pottery";"";"Zweitmessung";"Karey_Gorou";"Niger_Niamey";NA
"664";1656;"KAG2_2";2;"pottery";"";"Zweitmessung";"Karey_Gorou";"Niger_Niamey";NA
"665";1657;"KAG2_2";3;"pottery";"";"Zweitmessung";"Karey_Gorou";"Niger_Niamey";NA
"666";1661;"KAG5_3";1;"pottery";"";"Zweitmessung";"Karey_Gorou";"Niger_Niamey";NA
"667";1662;"KAG5_3";2;"pottery";"";"Zweitmessung";"Karey_Gorou";"Niger_Niamey";NA
"668";1663;"KAG5_3";3;"pottery";"";"Zweitmessung";"Karey_Gorou";"Niger_Niamey";NA
"669";1670;"TIE_78";1;"pottery";"";"Zweitmessung";"Tie";"Lake_Chad_East";NA
"670";1671;"TIE_78";2;"pottery";"";"Zweitmessung";"Tie";"Lake_Chad_East";NA
"671";1672;"TIE_78";3;"pottery";"";"Zweitmessung";"Tie";"Lake_Chad_East";NA
"672";1673;"TIE_81";1;"pottery";"";"Zweitmessung";"Tie";"Lake_Chad_East";NA
"673";1674;"TIE_81";2;"pottery";"";"Zweitmessung";"Tie";"Lake_Chad_East";NA
"674";1675;"TIE_81";3;"pottery";"";"Zweitmessung";"Tie";"Lake_Chad_East";NA
"675";1678;"TIE_12";1;"pottery";"";"Zweitmessung";"Tie";"Lake_Chad_East";NA
"676";1679;"TIE_12";2;"pottery";"";"Zweitmessung";"Tie";"Lake_Chad_East";NA
"677";1680;"TIE_12";3;"pottery";"";"Zweitmessung";"Tie";"Lake_Chad_East";NA
"678";1681;"ESS_19";1;"pottery";"";"Zweitmessung";"Essouk";"Essouk";NA
"679";1682;"ESS_19";2;"pottery";"";"Zweitmessung";"Essouk";"Essouk";NA
"680";1683;"ESS_19";3;"pottery";"";"Zweitmessung";"Essouk";"Essouk";NA
"681";1684;"ESS_9";1;"pottery";"";"Zweitmessung";"Essouk";"Essouk";NA
"682";1685;"ESS_9";2;"pottery";"";"Zweitmessung";"Essouk";"Essouk";NA
"683";1686;"ESS_9";3;"pottery";"";"Zweitmessung";"Essouk";"Essouk";NA
"684";1692;"MAR2_17";1;"pottery";"";"";"Marandet";"Marandet";NA
"685";1693;"MAR2_17";2;"pottery";"";"";"Marandet";"Marandet";NA
"686";1694;"MAR2_17";3;"pottery";"";"";"Marandet";"Marandet";NA
"687";1695;"MAR2_10";1;"pottery";"";"";"Marandet";"Marandet";NA
"688";1697;"MAR2_10";2;"pottery";"";"";"Marandet";"Marandet";NA
"689";1698;"MAR2_10";3;"pottery";"";"";"Marandet";"Marandet";NA
"690";1699;"MAR1_26";1;"pottery";"";"";"Marandet";"Marandet";NA
"691";1700;"MAR1_26";2;"pottery";"";"";"Marandet";"Marandet";NA
"692";1701;"MAR1_26";3;"pottery";"";"";"Marandet";"Marandet";NA
"693";1702;"MAR_Henkel";1;"pottery";"";"ueberpruefen";"Marandet";"Marandet";NA
"694";1703;"MAR_Henkel";2;"pottery";"";"ueberpruefen";"Marandet";"Marandet";NA
"695";1705;"MAR_Henkel";3;"pottery";"";"ueberpruefen";"Marandet";"Marandet";NA
"696";1708;"MAR2_0";1;"pottery";"";"";"Marandet";"Marandet";NA
"697";1709;"MAR2_0";2;"pottery";"";"";"Marandet";"Marandet";NA
"698";1710;"MAR2_0";3;"pottery";"";"";"Marandet";"Marandet";NA
"699";1722;"LAM_2";1;"pottery";"";"";"Lamadji";"Lake_Chad_Southeast";NA
"700";1723;"LAM_2";2;"pottery";"";"";"Lamadji";"Lake_Chad_Southeast";NA
"701";1724;"LAM_2";3;"pottery";"";"";"Lamadji";"Lake_Chad_Southeast";NA
"702";1725;"LAM_3";1;"pottery";"";"";"Lamadji";"Lake_Chad_Southeast";NA
"703";1726;"LAM_3";2;"pottery";"";"";"Lamadji";"Lake_Chad_Southeast";NA
"704";1727;"LAM_3";3;"pottery";"";"";"Lamadji";"Lake_Chad_Southeast";NA
"705";1728;"LAM_4";1;"pottery";"";"";"Lamadji";"Lake_Chad_Southeast";NA
"706";1729;"LAM_4";2;"pottery";"";"";"Lamadji";"Lake_Chad_Southeast";NA
"707";1730;"LAM_4";3;"pottery";"";"";"Lamadji";"Lake_Chad_Southeast";NA
"708";1731;"LAM_5";1;"pottery";"";"";"Lamadji";"Lake_Chad_Southeast";NA
"709";1732;"LAM_5";2;"pottery";"";"";"Lamadji";"Lake_Chad_Southeast";NA
"710";1733;"LAM_5";3;"pottery";"";"";"Lamadji";"Lake_Chad_Southeast";NA
"711";1734;"LAM_6";1;"pottery";"";"";"Lamadji";"Lake_Chad_Southeast";NA
"712";1735;"LAM_6";2;"pottery";"";"";"Lamadji";"Lake_Chad_Southeast";NA
"713";1736;"LAM_6";3;"pottery";"";"";"Lamadji";"Lake_Chad_Southeast";NA
"714";1737;"LAM_7";1;"pottery";"";"";"Lamadji";"Lake_Chad_Southeast";NA
"715";1738;"LAM_7";2;"pottery";"";"";"Lamadji";"Lake_Chad_Southeast";NA
"716";1739;"LAM_7";3;"pottery";"";"";"Lamadji";"Lake_Chad_Southeast";NA
"717";1740;"LAM_8";1;"pottery";"";"";"Lamadji";"Lake_Chad_Southeast";NA
"718";1741;"LAM_8";2;"pottery";"";"";"Lamadji";"Lake_Chad_Southeast";NA
"719";1744;"LAM_8";3;"pottery";"";"";"Lamadji";"Lake_Chad_Southeast";NA
"720";1745;"LAM_9";1;"pottery";"";"";"Lamadji";"Lake_Chad_Southeast";NA
"721";1746;"LAM_9";2;"pottery";"";"";"Lamadji";"Lake_Chad_Southeast";NA
"722";1747;"LAM_9";3;"pottery";"";"";"Lamadji";"Lake_Chad_Southeast";NA
"723";1748;"LAM_10";1;"pottery";"";"";"Lamadji";"Lake_Chad_Southeast";NA
"724";1749;"LAM_10";2;"pottery";"";"";"Lamadji";"Lake_Chad_Southeast";NA
"725";1750;"LAM_10";3;"pottery";"";"";"Lamadji";"Lake_Chad_Southeast";NA
"726";1751;"LAM_11";1;"pottery";"";"";"Lamadji";"Lake_Chad_Southeast";NA
"727";1752;"LAM_11";2;"pottery";"";"";"Lamadji";"Lake_Chad_Southeast";NA
"728";1753;"LAM_11";3;"pottery";"";"";"Lamadji";"Lake_Chad_Southeast";NA
"729";1754;"LAM_12";1;"pottery";"";"";"Lamadji";"Lake_Chad_Southeast";NA
"730";1755;"LAM_12";2;"pottery";"";"";"Lamadji";"Lake_Chad_Southeast";NA
"731";1756;"LAM_12";3;"pottery";"";"";"Lamadji";"Lake_Chad_Southeast";NA
"732";1757;"LAM_13";1;"pottery";"";"";"Lamadji";"Lake_Chad_Southeast";NA
"733";1758;"LAM_13";2;"pottery";"";"";"Lamadji";"Lake_Chad_Southeast";NA
"734";1759;"LAM_13";3;"pottery";"";"";"Lamadji";"Lake_Chad_Southeast";NA
"735";1760;"LAM_14";1;"pottery";"";"";"Lamadji";"Lake_Chad_Southeast";NA
"736";1761;"LAM_14";2;"pottery";"";"";"Lamadji";"Lake_Chad_Southeast";NA
"737";1762;"LAM_14";3;"pottery";"";"";"Lamadji";"Lake_Chad_Southeast";NA
"738";1763;"LAM_15";1;"pottery";"";"";"Lamadji";"Lake_Chad_Southeast";NA
"739";1764;"LAM_15";2;"pottery";"";"";"Lamadji";"Lake_Chad_Southeast";NA
"740";1765;"LAM_15";3;"pottery";"";"";"Lamadji";"Lake_Chad_Southeast";NA
"741";1768;"LAM_16";1;"pottery";"";"";"Lamadji";"Lake_Chad_Southeast";NA
"742";1769;"LAM_16";2;"pottery";"";"";"Lamadji";"Lake_Chad_Southeast";NA
"743";1770;"LAM_16";3;"pottery";"";"";"Lamadji";"Lake_Chad_Southeast";NA
"744";1771;"LAM_17";1;"pottery";"";"";"Lamadji";"Lake_Chad_Southeast";NA
"745";1772;"LAM_17";2;"pottery";"";"";"Lamadji";"Lake_Chad_Southeast";NA
"746";1773;"LAM_17";3;"pottery";"";"";"Lamadji";"Lake_Chad_Southeast";NA
"747";1774;"LAM_18";1;"pottery";"";"";"Lamadji";"Lake_Chad_Southeast";NA
"748";1775;"LAM_18";2;"pottery";"";"";"Lamadji";"Lake_Chad_Southeast";NA
"749";1776;"LAM_18";3;"pottery";"";"";"Lamadji";"Lake_Chad_Southeast";NA
"750";1777;"LAM_19";1;"pottery";"";"";"Lamadji";"Lake_Chad_Southeast";NA
"751";1778;"LAM_19";2;"pottery";"";"";"Lamadji";"Lake_Chad_Southeast";NA
"752";1779;"LAM_19";3;"pottery";"";"";"Lamadji";"Lake_Chad_Southeast";NA
"753";1780;"LAM_20";1;"pottery";"";"";"Lamadji";"Lake_Chad_Southeast";NA
"754";1781;"LAM_20";2;"pottery";"";"";"Lamadji";"Lake_Chad_Southeast";NA
"755";1782;"LAM_20";3;"pottery";"";"";"Lamadji";"Lake_Chad_Southeast";NA
"756";1783;"DA_56";1;"pottery";"";"";"Dotsm Awaki";"Zinder";NA
"757";1784;"DA_56";2;"pottery";"";"";"Dotsm Awaki";"Zinder";NA
"758";1785;"DA_56";3;"pottery";"";"";"Dotsm Awaki";"Zinder";NA
"759";1786;"DA_57";1;"pottery";"";"";"Dotsm Awaki";"Zinder";NA
"760";1787;"DA_57";2;"pottery";"";"";"Dotsm Awaki";"Zinder";NA
"761";1788;"DA_57";3;"pottery";"";"";"Dotsm Awaki";"Zinder";NA
"762";1789;"KK_50";1;"pottery";"";"";"Kufan Kanawa";"Zinder";NA
"763";1790;"KK_50";2;"pottery";"";"";"Kufan Kanawa";"Zinder";NA
"764";1791;"KK_50";3;"pottery";"";"";"Kufan Kanawa";"Zinder";NA
"765";1794;"KK_54";1;"pottery";"";"";"Kufan Kanawa";"Zinder";NA
"766";1795;"KK_54";2;"pottery";"";"";"Kufan Kanawa";"Zinder";NA
"767";1796;"KK_54";3;"pottery";"";"";"Kufan Kanawa";"Zinder";NA
"768";1797;"KK_52";1;"pottery";"";"";"Kufan Kanawa";"Zinder";NA
"769";1798;"KK_52";2;"pottery";"";"";"Kufan Kanawa";"Zinder";NA
"770";1799;"KK_52";3;"pottery";"";"";"Kufan Kanawa";"Zinder";NA
"771";1800;"DA_58";1;"pottery";"";"";"Dotsm Awaki";"Zinder";NA
"772";1801;"DA_58";2;"pottery";"";"";"Dotsm Awaki";"Zinder";NA
"773";1802;"DA_58";3;"pottery";"";"";"Dotsm Awaki";"Zinder";NA
"774";1803;"GN_75";1;"pottery";"";"";"Ganuwa";"Zinder";NA
"775";1804;"GN_75";2;"pottery";"";"";"Ganuwa";"Zinder";NA
"776";1805;"GN_75";3;"pottery";"";"";"Ganuwa";"Zinder";NA
"777";2089;"MDA_1";1;"pottery";"";"";"Mdaga";"Lake_Chad_Southeast";NA
"778";2090;"MDA_1";2;"pottery";"";"";"Mdaga";"Lake_Chad_Southeast";NA
"779";2091;"MDA_1";3;"pottery";"";"";"Mdaga";"Lake_Chad_Southeast";NA
"780";2092;"MDA_2";1;"pottery";"";"";"Mdaga";"Lake_Chad_Southeast";NA
"781";2093;"MDA_2";2;"pottery";"";"";"Mdaga";"Lake_Chad_Southeast";NA
"782";2095;"MDA_2";3;"pottery";"";"";"Mdaga";"Lake_Chad_Southeast";NA
"783";2096;"MDA_3";1;"pottery";"";"";"Mdaga";"Lake_Chad_Southeast";NA
"784";2097;"MDA_3";2;"pottery";"";"";"Mdaga";"Lake_Chad_Southeast";NA
"785";2098;"MDA_3";3;"pottery";"";"";"Mdaga";"Lake_Chad_Southeast";NA
"786";2099;"MDA_4";1;"pottery";"";"";"Mdaga";"Lake_Chad_Southeast";NA
"787";2100;"MDA_4";2;"pottery";"";"";"Mdaga";"Lake_Chad_Southeast";NA
"788";2102;"MDA_4";3;"pottery";"";"";"Mdaga";"Lake_Chad_Southeast";NA
"789";2103;"MDA_5";1;"pottery";"";"";"Mdaga";"Lake_Chad_Southeast";NA
"790";2106;"MDA_5";2;"pottery";"";"";"Mdaga";"Lake_Chad_Southeast";NA
"791";2107;"MDA_5";3;"pottery";"";"";"Mdaga";"Lake_Chad_Southeast";NA
"792";2108;"MDA_6";1;"pottery";"";"";"Mdaga";"Lake_Chad_Southeast";NA
"793";2109;"MDA_6";2;"pottery";"";"";"Mdaga";"Lake_Chad_Southeast";NA
"794";2110;"MDA_6";3;"pottery";"";"";"Mdaga";"Lake_Chad_Southeast";NA
"795";2111;"MDA_7";1;"pottery";"";"";"Mdaga";"Lake_Chad_Southeast";NA
"796";2112;"MDA_7";2;"pottery";"";"";"Mdaga";"Lake_Chad_Southeast";NA
"797";2113;"MDA_7";3;"pottery";"";"";"Mdaga";"Lake_Chad_Southeast";NA
"798";2114;"MDA_8";1;"pottery";"";"";"Mdaga";"Lake_Chad_Southeast";NA
"799";2115;"MDA_8";2;"pottery";"";"";"Mdaga";"Lake_Chad_Southeast";NA
"800";2116;"MDA_8";3;"pottery";"";"";"Mdaga";"Lake_Chad_Southeast";NA
"801";2117;"MDA_9";1;"pottery";"";"";"Mdaga";"Lake_Chad_Southeast";NA
"802";2118;"MDA_9";2;"pottery";"";"";"Mdaga";"Lake_Chad_Southeast";NA
"803";2119;"MDA_9";3;"pottery";"";"";"Mdaga";"Lake_Chad_Southeast";NA
"804";2123;"MDA_10";1;"pottery";"";"";"Mdaga";"Lake_Chad_Southeast";NA
"805";2124;"MDA_10";2;"pottery";"";"";"Mdaga";"Lake_Chad_Southeast";NA
"806";2125;"MDA_10";3;"pottery";"";"";"Mdaga";"Lake_Chad_Southeast";NA
"807";2137;"MDA_11?";1;"pottery";"";"uncertain_loc";"Mdaga";"Lake_Chad_Southeast";NA
"808";2138;"MDA_11?";2;"pottery";"";"uncertain_loc";"Mdaga";"Lake_Chad_Southeast";NA
"809";2139;"MDA_11?";3;"pottery";"";"uncertain_loc";"Mdaga";"Lake_Chad_Southeast";NA
"810";2356;"GN_55";1;"pottery";"";"";"Ganuwa";"Zinder";NA
"811";2357;"GN_55";2;"pottery";"";"";"Ganuwa";"Zinder";NA
"812";2359;"GN_55";3;"pottery";"";"";"Ganuwa";"Zinder";NA
"813";2515;"MAR_1001";1;"melting_pot";"";"";"Marandet";"Marandet";NA
"814";2516;"MAR_1001";2;"melting_pot";"";"";"Marandet";"Marandet";NA
"815";2517;"MAR_1001";3;"melting_pot";"";"";"Marandet";"Marandet";NA
"816";2518;"MAR_1002";1;"melting_pot";"";"";"Marandet";"Marandet";NA
"817";2519;"MAR_1002";2;"melting_pot";"";"";"Marandet";"Marandet";NA
"818";2520;"MAR_1002";3;"melting_pot";"";"";"Marandet";"Marandet";NA
"819";2523;"MAR_1003";1;"melting_pot";"";"";"Marandet";"Marandet";NA
"820";2524;"MAR_1003";2;"melting_pot";"";"";"Marandet";"Marandet";NA
"821";2525;"MAR_1003";3;"melting_pot";"";"";"Marandet";"Marandet";NA
"822";2546;"MAR_218";1;"pottery";"";"";"Marandet";"Marandet";NA
"823";2547;"MAR_218";2;"pottery";"";"";"Marandet";"Marandet";NA
"824";2548;"MAR_218";3;"pottery";"";"";"Marandet";"Marandet";NA
"825";2557;"ZIL_1";1;"pottery";"";"";"Zillum";"Lake_Chad_Southwest";NA
"826";2558;"ZIL_1";2;"pottery";"";"";"Zillum";"Lake_Chad_Southwest";NA
"827";2559;"ZIL_1";3;"pottery";"";"";"Zillum";"Lake_Chad_Southwest";NA
"828";2560;"ZIL_4";1;"pottery";"";"";"Zillum";"Lake_Chad_Southwest";NA
"829";2561;"ZIL_4";2;"pottery";"";"";"Zillum";"Lake_Chad_Southwest";NA
"830";2562;"ZIL_4";3;"pottery";"";"";"Zillum";"Lake_Chad_Southwest";NA
"831";2563;"ZIL_5";1;"pottery";"";"";"Zillum";"Lake_Chad_Southwest";NA
"832";2564;"ZIL_5";2;"pottery";"";"";"Zillum";"Lake_Chad_Southwest";NA
"833";2565;"ZIL_5";3;"pottery";"";"";"Zillum";"Lake_Chad_Southwest";NA
"834";2567;"ZIL_6";1;"pottery";"";"";"Zillum";"Lake_Chad_Southwest";NA
"835";2568;"ZIL_6";2;"pottery";"";"";"Zillum";"Lake_Chad_Southwest";NA
"836";2571;"ZIL_6";3;"pottery";"";"";"Zillum";"Lake_Chad_Southwest";NA
"837";2572;"ZIL_7";1;"pottery";"";"";"Zillum";"Lake_Chad_Southwest";NA
"838";2573;"ZIL_7";2;"pottery";"";"";"Zillum";"Lake_Chad_Southwest";NA
"839";2574;"ZIL_7";3;"pottery";"";"";"Zillum";"Lake_Chad_Southwest";NA
"840";2611;"KAM_DR";1;"pottery";"";"";"Kamaka";"Lake_Chad_East";NA
"841";2612;"KAM_DR";2;"pottery";"";"";"Kamaka";"Lake_Chad_East";NA
"842";2613;"KAM_DR";3;"pottery";"";"";"Kamaka";"Lake_Chad_East";NA
"843";2748;"GAR2_17";1;"pottery";"";"Haour";"Garumele";"Lake_Chad_Northwest";NA
"844";2749;"GAR2_17";2;"pottery";"";"Haour";"Garumele";"Lake_Chad_Northwest";NA
"845";2750;"GAR2_17";3;"pottery";"";"Haour";"Garumele";"Lake_Chad_Northwest";NA
"846";2751;"GAR2_18";1;"pottery";"";"Haour";"Garumele";"Lake_Chad_Northwest";NA
"847";2752;"GAR2_18";2;"pottery";"";"Haour";"Garumele";"Lake_Chad_Northwest";NA
"848";2753;"GAR2_18";3;"pottery";"";"Haour";"Garumele";"Lake_Chad_Northwest";NA
"849";2754;"GAR2_19";1;"pottery";"";"Haour";"Garumele";"Lake_Chad_Northwest";NA
"850";2755;"GAR2_19";2;"pottery";"";"Haour";"Garumele";"Lake_Chad_Northwest";NA
"851";2756;"GAR2_19";3;"pottery";"";"Haour";"Garumele";"Lake_Chad_Northwest";NA
"852";2759;"GAR2_20";1;"pottery";"";"Haour";"Garumele";"Lake_Chad_Northwest";NA
"853";2760;"GAR2_20";2;"pottery";"";"Haour";"Garumele";"Lake_Chad_Northwest";NA
"854";2761;"GAR2_20";3;"pottery";"";"Haour";"Garumele";"Lake_Chad_Northwest";NA
"855";2762;"GAR2_21";1;"spindle";"";"Haour";"Garumele";"Lake_Chad_Northwest";NA
"856";2763;"GAR2_21";2;"spindle";"";"Haour";"Garumele";"Lake_Chad_Northwest";NA
"857";2764;"GAR2_21";3;"spindle";"";"Haour";"Garumele";"Lake_Chad_Northwest";NA
"858";2765;"GAR2_22";1;"spindle";"";"Haour";"Garumele";"Lake_Chad_Northwest";NA
"859";2766;"GAR2_22";2;"spindle";"";"Haour";"Garumele";"Lake_Chad_Northwest";NA
"860";2767;"GAR2_22";3;"spindle";"";"Haour";"Garumele";"Lake_Chad_Northwest";NA
"861";2768;"GAR2_23";1;"spindle";"";"Haour";"Garumele";"Lake_Chad_Northwest";NA
"862";2769;"GAR2_23";2;"spindle";"";"Haour";"Garumele";"Lake_Chad_Northwest";NA
"863";2770;"GAR2_23";3;"spindle";"";"Haour";"Garumele";"Lake_Chad_Northwest";NA
"864";2771;"GAR2_24";1;"pottery";"";"Haour";"Garumele";"Lake_Chad_Northwest";NA
"865";2772;"GAR2_24";2;"pottery";"";"Haour";"Garumele";"Lake_Chad_Northwest";NA
"866";2773;"GAR2_24";3;"pottery";"";"Haour";"Garumele";"Lake_Chad_Northwest";NA
"867";2774;"GAR2_25";1;"pottery";"";"Haour";"Garumele";"Lake_Chad_Northwest";NA
"868";2775;"GAR2_25";2;"pottery";"";"Haour";"Garumele";"Lake_Chad_Northwest";NA
"869";2776;"GAR2_25";3;"pottery";"";"Haour";"Garumele";"Lake_Chad_Northwest";NA
"870";2777;"GAR2_26";1;"pottery";"";"Haour";"Garumele";"Lake_Chad_Northwest";NA
"871";2778;"GAR2_26";2;"pottery";"";"Haour";"Garumele";"Lake_Chad_Northwest";NA
"872";2779;"GAR2_26";3;"pottery";"";"Haour";"Garumele";"Lake_Chad_Northwest";NA
"873";2789;"GAR2_27";1;"pottery";"";"Haour";"Garumele";"Lake_Chad_Northwest";NA
"874";2791;"GAR2_27";2;"pottery";"";"Haour";"Garumele";"Lake_Chad_Northwest";NA
"875";2792;"GAR2_27";3;"pottery";"";"Haour";"Garumele";"Lake_Chad_Northwest";NA
"876";2793;"GAR2_28";1;"pottery";"";"Haour";"Garumele";"Lake_Chad_Northwest";NA
"877";2794;"GAR2_28";2;"pottery";"";"Haour";"Garumele";"Lake_Chad_Northwest";NA
"878";2795;"GAR2_28";3;"pottery";"";"Haour";"Garumele";"Lake_Chad_Northwest";NA
"879";2796;"GAR2_29";1;"pottery";"";"Haour";"Garumele";"Lake_Chad_Northwest";NA
"880";2797;"GAR2_29";2;"pottery";"";"Haour";"Garumele";"Lake_Chad_Northwest";NA
"881";2798;"GAR2_29";3;"pottery";"";"Haour";"Garumele";"Lake_Chad_Northwest";NA
"882";2799;"GAR2_30";1;"pottery";"";"Haour";"Garumele";"Lake_Chad_Northwest";NA
"883";2800;"GAR2_30";2;"pottery";"";"Haour";"Garumele";"Lake_Chad_Northwest";NA
"884";2801;"GAR2_30";3;"pottery";"";"Haour";"Garumele";"Lake_Chad_Northwest";NA
"885";2802;"GAR2_31";1;"pottery";"";"Haour";"Garumele";"Lake_Chad_Northwest";NA
"886";2803;"GAR2_31";2;"pottery";"";"Haour";"Garumele";"Lake_Chad_Northwest";NA
"887";2804;"GAR2_31";3;"pottery";"";"Haour";"Garumele";"Lake_Chad_Northwest";NA
"888";2806;"GAR2_32";1;"pottery";"";"Haour";"Garumele";"Lake_Chad_Northwest";NA
"889";2809;"GAR2_32";2;"pottery";"";"Haour";"Garumele";"Lake_Chad_Northwest";NA
"890";2810;"GAR2_32";3;"pottery";"";"Haour";"Garumele";"Lake_Chad_Northwest";NA
"891";2811;"GAR2_33";1;"pottery";"";"Haour";"Garumele";"Lake_Chad_Northwest";NA
"892";2812;"GAR2_33";2;"pottery";"";"Haour";"Garumele";"Lake_Chad_Northwest";NA
"893";2813;"GAR2_33";3;"pottery";"";"Haour";"Garumele";"Lake_Chad_Northwest";NA
"894";2814;"GAR2_34";1;"pottery";"";"Haour";"Garumele";"Lake_Chad_Northwest";NA
"895";2815;"GAR2_34";2;"pottery";"";"Haour";"Garumele";"Lake_Chad_Northwest";NA
"896";2816;"GAR2_34";3;"pottery";"";"Haour";"Garumele";"Lake_Chad_Northwest";NA
"897";2819;"GAR2_35";1;"pottery";"";"Haour";"Garumele";"Lake_Chad_Northwest";NA
"898";2820;"GAR2_35";2;"pottery";"";"Haour";"Garumele";"Lake_Chad_Northwest";NA
"899";2821;"GAR2_35";3;"pottery";"";"Haour";"Garumele";"Lake_Chad_Northwest";NA
"900";2823;"GAR2_36";1;"pottery";"";"Haour";"Garumele";"Lake_Chad_Northwest";NA
"901";2824;"GAR2_36";2;"pottery";"";"Haour";"Garumele";"Lake_Chad_Northwest";NA
"902";2825;"GAR2_36";3;"pottery";"";"Haour";"Garumele";"Lake_Chad_Northwest";NA
"903";2826;"GAR2_37";1;"pottery";"";"Haour";"Garumele";"Lake_Chad_Northwest";NA
"904";2827;"GAR2_37";2;"pottery";"";"Haour";"Garumele";"Lake_Chad_Northwest";NA
"905";2828;"GAR2_37";3;"pottery";"";"Haour";"Garumele";"Lake_Chad_Northwest";NA
"906";2862;"GAR2_38";1;"pottery";"";"Haour";"Garumele";"Lake_Chad_Northwest";NA
"907";2863;"GAR2_38";2;"pottery";"";"Haour";"Garumele";"Lake_Chad_Northwest";NA
"908";2864;"GAR2_38";3;"pottery";"";"Haour";"Garumele";"Lake_Chad_Northwest";NA
"909";2865;"GAR2_39";1;"pottery";"";"Haour";"Garumele";"Lake_Chad_Northwest";NA
"910";2868;"GAR2_39";2;"pottery";"";"Haour";"Garumele";"Lake_Chad_Northwest";NA
"911";2869;"GAR2_39";3;"pottery";"";"Haour";"Garumele";"Lake_Chad_Northwest";NA
"912";2870;"GAR2_40";1;"pottery";"";"Haour";"Garumele";"Lake_Chad_Northwest";NA
"913";2871;"GAR2_40";2;"pottery";"";"Haour";"Garumele";"Lake_Chad_Northwest";NA
"914";2872;"GAR2_40";3;"pottery";"";"Haour";"Garumele";"Lake_Chad_Northwest";NA
"915";2873;"GAR2_41";1;"pottery";"";"Haour";"Garumele";"Lake_Chad_Northwest";NA
"916";2874;"GAR2_41";2;"pottery";"";"Haour";"Garumele";"Lake_Chad_Northwest";NA
"917";2875;"GAR2_41";3;"pottery";"";"Haour";"Garumele";"Lake_Chad_Northwest";NA
"918";2876;"GAR2_42";1;"pottery";"";"Haour";"Garumele";"Lake_Chad_Northwest";NA
"919";2877;"GAR2_42";2;"pottery";"";"Haour";"Garumele";"Lake_Chad_Northwest";NA
"920";2878;"GAR2_42";3;"pottery";"";"Haour";"Garumele";"Lake_Chad_Northwest";NA
"921";2879;"GAR2_43";1;"pottery";"";"Haour";"Garumele";"Lake_Chad_Northwest";NA
"922";2880;"GAR2_43";2;"pottery";"";"Haour";"Garumele";"Lake_Chad_Northwest";NA
"923";2881;"GAR2_43";3;"pottery";"";"Haour";"Garumele";"Lake_Chad_Northwest";NA
"924";2882;"GAR2_44";1;"pottery";"";"Haour";"Garumele";"Lake_Chad_Northwest";NA
"925";2883;"GAR2_44";2;"pottery";"";"Haour";"Garumele";"Lake_Chad_Northwest";NA
"926";2884;"GAR2_44";3;"pottery";"";"Haour";"Garumele";"Lake_Chad_Northwest";NA
"927";2885;"GAR2_45";1;"pottery";"";"Haour";"Garumele";"Lake_Chad_Northwest";NA
"928";2886;"GAR2_45";2;"pottery";"";"Haour";"Garumele";"Lake_Chad_Northwest";NA
"929";2887;"GAR2_45";3;"pottery";"";"Haour";"Garumele";"Lake_Chad_Northwest";NA
"930";2888;"GAR2_46";1;"pottery";"";"Haour";"Garumele";"Lake_Chad_Northwest";NA
"931";2889;"GAR2_46";2;"pottery";"";"Haour";"Garumele";"Lake_Chad_Northwest";NA
"932";2890;"GAR2_46";3;"pottery";"";"Haour";"Garumele";"Lake_Chad_Northwest";NA
"933";2891;"GAR2_47";1;"pottery";"";"Haour";"Garumele";"Lake_Chad_Northwest";NA
"934";2894;"GAR2_47";2;"pottery";"";"Haour";"Garumele";"Lake_Chad_Northwest";NA
"935";2895;"GAR2_47";3;"pottery";"";"Haour";"Garumele";"Lake_Chad_Northwest";NA
"936";2921;"MAR2_0";1;"Pestle";"";"";"Marandet";"Marandet";NA
"937";2922;"MAR2_0";2;"Pestle";"";"";"Marandet";"Marandet";NA
"938";2923;"MAR2_0";3;"Pestle";"";"";"Marandet";"Marandet";NA
"939";3265;"WAL_11";1;"pottery";"";"";"Walasa";"Lake_Chad_South";NA
"940";3266;"WAL_11";2;"pottery";"";"";"Walasa";"Lake_Chad_South";NA
"941";3267;"WAL_11";3;"pottery";"";"";"Walasa";"Lake_Chad_South";NA
"942";3268;"WAL_12";1;"pottery";"";"";"Walasa";"Lake_Chad_South";NA
"943";3269;"WAL_12";2;"pottery";"";"";"Walasa";"Lake_Chad_South";NA
"944";3270;"WAL_12";3;"pottery";"";"";"Walasa";"Lake_Chad_South";NA
"945";3271;"WAL_13";1;"pottery";"";"";"Walasa";"Lake_Chad_South";NA
"946";3272;"WAL_13";2;"pottery";"";"";"Walasa";"Lake_Chad_South";NA
"947";3273;"WAL_13";3;"pottery";"";"";"Walasa";"Lake_Chad_South";NA
"948";3274;"WAL_14";1;"pottery";"";"";"Walasa";"Lake_Chad_South";NA
"949";3275;"WAL_14";2;"pottery";"";"";"Walasa";"Lake_Chad_South";NA
"950";3276;"WAL_14";3;"pottery";"";"";"Walasa";"Lake_Chad_South";NA
"951";3277;"WAL_15";1;"pottery";"";"";"Walasa";"Lake_Chad_South";NA
"952";3279;"WAL_15";2;"pottery";"";"";"Walasa";"Lake_Chad_South";NA
"953";3280;"WAL_15";3;"pottery";"";"";"Walasa";"Lake_Chad_South";NA
"954";3281;"WAL_16";1;"pottery";"";"";"Walasa";"Lake_Chad_South";NA
"955";3282;"WAL_16";2;"pottery";"";"";"Walasa";"Lake_Chad_South";NA
"956";3283;"WAL_16";3;"pottery";"";"";"Walasa";"Lake_Chad_South";NA
"957";3286;"WAL_17";1;"pottery";"";"";"Walasa";"Lake_Chad_South";NA
"958";3287;"WAL_17";2;"pottery";"";"";"Walasa";"Lake_Chad_South";NA
"959";3288;"WAL_17";3;"pottery";"";"";"Walasa";"Lake_Chad_South";NA
"960";3289;"WAL_18";1;"pottery";"";"";"Walasa";"Lake_Chad_South";NA
"961";3290;"WAL_18";2;"pottery";"";"";"Walasa";"Lake_Chad_South";NA
"962";3291;"WAL_18";3;"pottery";"";"";"Walasa";"Lake_Chad_South";NA
"963";3292;"WAL_19";1;"pottery";"";"";"Walasa";"Lake_Chad_South";NA
"964";3293;"WAL_19";2;"pottery";"";"";"Walasa";"Lake_Chad_South";NA
"965";3294;"WAL_19";3;"pottery";"";"";"Walasa";"Lake_Chad_South";NA
"966";3295;"WAL_20";1;"pottery";"";"";"Walasa";"Lake_Chad_South";NA
"967";3296;"WAL_20";2;"pottery";"";"";"Walasa";"Lake_Chad_South";NA
"968";3297;"WAL_20";3;"pottery";"";"";"Walasa";"Lake_Chad_South";NA
"969";3298;"WAL_21";1;"pottery";"";"";"Walasa";"Lake_Chad_South";NA
"970";3299;"WAL_21";2;"pottery";"";"";"Walasa";"Lake_Chad_South";NA
"971";3300;"WAL_21";3;"pottery";"";"";"Walasa";"Lake_Chad_South";NA
"972";3301;"WAL_22";1;"pottery";"";"";"Walasa";"Lake_Chad_South";NA
"973";3302;"WAL_22";2;"pottery";"";"";"Walasa";"Lake_Chad_South";NA
"974";3303;"WAL_22";3;"pottery";"";"";"Walasa";"Lake_Chad_South";NA
"975";3306;"WAL_23";1;"pottery";"";"";"Walasa";"Lake_Chad_South";NA
"976";3307;"WAL_23";2;"pottery";"";"";"Walasa";"Lake_Chad_South";NA
"977";3308;"WAL_23";3;"pottery";"";"";"Walasa";"Lake_Chad_South";NA
"978";3309;"WAL_24";1;"pottery";"";"";"Walasa";"Lake_Chad_South";NA
"979";3310;"WAL_24";2;"pottery";"";"";"Walasa";"Lake_Chad_South";NA
"980";3311;"WAL_24";3;"pottery";"";"";"Walasa";"Lake_Chad_South";NA
"981";3312;"WAL_25";1;"pottery";"";"";"Walasa";"Lake_Chad_South";NA
"982";3313;"WAL_25";2;"pottery";"";"";"Walasa";"Lake_Chad_South";NA
"983";3314;"WAL_25";3;"pottery";"";"";"Walasa";"Lake_Chad_South";NA
"984";3315;"WAL_26";1;"pottery";"";"";"Walasa";"Lake_Chad_South";NA
"985";3316;"WAL_26";2;"pottery";"";"";"Walasa";"Lake_Chad_South";NA
"986";3317;"WAL_26";3;"pottery";"";"";"Walasa";"Lake_Chad_South";NA
"987";3321;"WAL_27";1;"pottery";"";"";"Walasa";"Lake_Chad_South";NA
"988";3322;"WAL_27";2;"pottery";"";"";"Walasa";"Lake_Chad_South";NA
"989";3324;"WAL_27";3;"pottery";"";"";"Walasa";"Lake_Chad_South";NA
"990";3327;"WAL_28";1;"pottery";"";"";"Walasa";"Lake_Chad_South";NA
"991";3328;"WAL_28";2;"pottery";"";"";"Walasa";"Lake_Chad_South";NA
"992";3329;"WAL_28";3;"pottery";"";"";"Walasa";"Lake_Chad_South";NA
"993";3330;"WAL_29";1;"pottery";"";"";"Walasa";"Lake_Chad_South";NA
"994";3331;"WAL_29";2;"pottery";"";"";"Walasa";"Lake_Chad_South";NA
"995";3332;"WAL_29";3;"pottery";"";"";"Walasa";"Lake_Chad_South";NA
"996";3333;"WAL_30";1;"pottery";"";"";"Walasa";"Lake_Chad_South";NA
"997";3334;"WAL_30";2;"pottery";"";"";"Walasa";"Lake_Chad_South";NA
"998";3335;"WAL_30";3;"pottery";"";"";"Walasa";"Lake_Chad_South";NA
"999";3345;"KAG2_13";1;"pottery";"";"";"Karey_Gorou";"Niger_Niamey";NA
"1000";3346;"KAG2_13";2;"pottery";"";"";"Karey_Gorou";"Niger_Niamey";NA
"1001";3347;"KAG2_13";3;"pottery";"";"";"Karey_Gorou";"Niger_Niamey";NA
"1002";3348;"KAG2_10";1;"pottery";"";"";"Karey_Gorou";"Niger_Niamey";NA
"1003";3349;"KAG2_10";2;"pottery";"";"";"Karey_Gorou";"Niger_Niamey";NA
"1004";3350;"KAG2_10";3;"pottery";"";"";"Karey_Gorou";"Niger_Niamey";NA
"1005";3351;"KAG2_1";1;"pottery";"";"";"Karey_Gorou";"Niger_Niamey";NA
"1006";3352;"KAG2_1";2;"pottery";"";"";"Karey_Gorou";"Niger_Niamey";NA
"1007";3353;"KAG2_1";3;"pottery";"";"";"Karey_Gorou";"Niger_Niamey";NA
"1008";3356;"KAG2_8";1;"pottery";"";"";"Karey_Gorou";"Niger_Niamey";NA
"1009";3357;"KAG2_8";2;"pottery";"";"";"Karey_Gorou";"Niger_Niamey";NA
"1010";3358;"KAG2_8";3;"pottery";"";"";"Karey_Gorou";"Niger_Niamey";NA
"1011";3359;"KAG2_15";1;"pottery";"";"";"Karey_Gorou";"Niger_Niamey";NA
"1012";3360;"KAG2_15";2;"pottery";"";"";"Karey_Gorou";"Niger_Niamey";NA
"1013";3361;"KAG2_15";3;"pottery";"";"";"Karey_Gorou";"Niger_Niamey";NA
"1014";3362;"KAG2_7";1;"pottery";"";"";"Karey_Gorou";"Niger_Niamey";NA
"1015";3363;"KAG2_7";2;"pottery";"";"";"Karey_Gorou";"Niger_Niamey";NA
"1016";3364;"KAG2_7";3;"pottery";"";"";"Karey_Gorou";"Niger_Niamey";NA
"1017";3365;"KAG2_5";1;"pottery";"";"";"Karey_Gorou";"Niger_Niamey";NA
"1018";3367;"KAG2_5";2;"pottery";"";"";"Karey_Gorou";"Niger_Niamey";NA
"1019";3368;"KAG2_5";3;"pottery";"";"";"Karey_Gorou";"Niger_Niamey";NA
"1020";3369;"KAG3_9";1;"pottery";"";"";"Karey_Gorou";"Niger_Niamey";NA
"1021";3370;"KAG3_9";2;"pottery";"";"";"Karey_Gorou";"Niger_Niamey";NA
"1022";3371;"KAG3_9";3;"pottery";"";"";"Karey_Gorou";"Niger_Niamey";NA
"1023";3372;"KAG3_7";1;"pottery";"";"";"Karey_Gorou";"Niger_Niamey";NA
"1024";3373;"KAG3_7";2;"pottery";"";"";"Karey_Gorou";"Niger_Niamey";NA
"1025";3374;"KAG3_7";3;"pottery";"";"";"Karey_Gorou";"Niger_Niamey";NA
"1026";3375;"KAG3_10";1;"pottery";"";"";"Karey_Gorou";"Niger_Niamey";NA
"1027";3376;"KAG3_10";2;"pottery";"";"";"Karey_Gorou";"Niger_Niamey";NA
"1028";3377;"KAG3_10";3;"pottery";"";"";"Karey_Gorou";"Niger_Niamey";NA
"1029";3378;"KAG3_3";1;"pottery";"";"";"Karey_Gorou";"Niger_Niamey";NA
"1030";3379;"KAG3_3";2;"pottery";"";"";"Karey_Gorou";"Niger_Niamey";NA
"1031";3380;"KAG3_3";3;"pottery";"";"";"Karey_Gorou";"Niger_Niamey";NA
"1032";3381;"KAG3_4";1;"pottery";"";"";"Karey_Gorou";"Niger_Niamey";NA
"1033";3382;"KAG3_4";2;"pottery";"";"";"Karey_Gorou";"Niger_Niamey";NA
"1034";3383;"KAG3_4";3;"pottery";"";"";"Karey_Gorou";"Niger_Niamey";NA
"1035";3386;"KAG3_11";1;"pottery";"";"";"Karey_Gorou";"Niger_Niamey";NA
"1036";3387;"KAG3_11";2;"pottery";"";"";"Karey_Gorou";"Niger_Niamey";NA
"1037";3388;"KAG3_11";3;"pottery";"";"";"Karey_Gorou";"Niger_Niamey";NA
"1038";3389;"KAG3_6";1;"pottery";"";"";"Karey_Gorou";"Niger_Niamey";NA
"1039";3391;"KAG3_6";2;"pottery";"";"";"Karey_Gorou";"Niger_Niamey";NA
"1040";3392;"KAG3_6";3;"pottery";"";"";"Karey_Gorou";"Niger_Niamey";NA
"1041";3393;"KAG5_8";1;"pottery";"";"";"Karey_Gorou";"Niger_Niamey";NA
"1042";3394;"KAG5_8";2;"pottery";"";"";"Karey_Gorou";"Niger_Niamey";NA
"1043";3395;"KAG5_8";3;"pottery";"";"";"Karey_Gorou";"Niger_Niamey";NA
"1044";3396;"KAG5_1";1;"pottery";"";"";"Karey_Gorou";"Niger_Niamey";NA
"1045";3397;"KAG5_1";2;"pottery";"";"";"Karey_Gorou";"Niger_Niamey";NA
"1046";3398;"KAG5_1";3;"pottery";"";"";"Karey_Gorou";"Niger_Niamey";NA
"1047";3399;"KAG5_11";1;"pottery";"";"";"Karey_Gorou";"Niger_Niamey";NA
"1048";3400;"KAG5_11";2;"pottery";"";"";"Karey_Gorou";"Niger_Niamey";NA
"1049";3401;"KAG5_11";3;"pottery";"";"";"Karey_Gorou";"Niger_Niamey";NA
"1050";3402;"KAG5_2";1;"pottery";"";"";"Karey_Gorou";"Niger_Niamey";NA
"1051";3404;"KAG5_2";2;"pottery";"";"";"Karey_Gorou";"Niger_Niamey";NA
"1052";3405;"KAG5_2";3;"pottery";"";"";"Karey_Gorou";"Niger_Niamey";NA
"1053";3406;"KAG5_2";4;"pottery";"";"";"Karey_Gorou";"Niger_Niamey";NA
"1054";3407;"KAG5_10";1;"pottery";"";"";"Karey_Gorou";"Niger_Niamey";NA
"1055";3408;"KAG5_10";2;"pottery";"";"";"Karey_Gorou";"Niger_Niamey";NA
"1056";3409;"KAG5_10";3;"pottery";"";"";"Karey_Gorou";"Niger_Niamey";NA
"1057";3410;"KAG5_9";1;"pottery";"";"";"Karey_Gorou";"Niger_Niamey";NA
"1058";3411;"KAG5_9";2;"pottery";"";"";"Karey_Gorou";"Niger_Niamey";NA
"1059";3412;"KAG5_9";3;"pottery";"";"";"Karey_Gorou";"Niger_Niamey";NA
"1060";3413;"KAG5_4";1;"pottery";"";"";"Karey_Gorou";"Niger_Niamey";NA
"1061";3414;"KAG5_4";2;"pottery";"";"";"Karey_Gorou";"Niger_Niamey";NA
"1062";3415;"KAG5_4";3;"pottery";"";"";"Karey_Gorou";"Niger_Niamey";NA
"1063";3416;"KAG5_6";1;"pottery";"";"";"Karey_Gorou";"Niger_Niamey";NA
"1064";3417;"KAG5_6";2;"pottery";"";"";"Karey_Gorou";"Niger_Niamey";NA
"1065";3418;"KAG5_6";3;"pottery";"";"";"Karey_Gorou";"Niger_Niamey";NA
"1066";3419;"ZIL_11";1;"pottery";"";"";"Zillum";"Lake_Chad_Southwest";NA
"1067";3422;"ZIL_11";2;"pottery";"";"";"Zillum";"Lake_Chad_Southwest";NA
"1068";3423;"ZIL_11";3;"pottery";"";"";"Zillum";"Lake_Chad_Southwest";NA
"1069";3424;"ZIL_12";1;"pottery";"";"";"Zillum";"Lake_Chad_Southwest";NA
"1070";3425;"ZIL_12";2;"pottery";"";"";"Zillum";"Lake_Chad_Southwest";NA
"1071";3426;"ZIL_12";3;"pottery";"";"";"Zillum";"Lake_Chad_Southwest";NA
"1072";3427;"ZIL_13";1;"pottery";"";"";"Zillum";"Lake_Chad_Southwest";NA
"1073";3428;"ZIL_13";2;"pottery";"";"";"Zillum";"Lake_Chad_Southwest";NA
"1074";3429;"ZIL_13";3;"pottery";"";"";"Zillum";"Lake_Chad_Southwest";NA
"1075";3430;"ZIL_14";1;"pottery";"";"";"Zillum";"Lake_Chad_Southwest";NA
"1076";3431;"ZIL_14";2;"pottery";"";"";"Zillum";"Lake_Chad_Southwest";NA
"1077";3432;"ZIL_14";3;"pottery";"";"";"Zillum";"Lake_Chad_Southwest";NA
"1078";3433;"ZIL_15";1;"pottery";"";"";"Zillum";"Lake_Chad_Southwest";NA
"1079";3434;"ZIL_15";2;"pottery";"";"";"Zillum";"Lake_Chad_Southwest";NA
"1080";3435;"ZIL_15";3;"pottery";"";"";"Zillum";"Lake_Chad_Southwest";NA
"1081";3456;"MAR3_31";1;"pottery";"";"";"Marandet";"Marandet";NA
"1082";3457;"MAR3_31";2;"pottery";"";"";"Marandet";"Marandet";NA
"1083";3475;"MAR3_28";1;"pottery";"";"";"Marandet";"Marandet";NA
"1084";3476;"MAR3_28";2;"pottery";"";"";"Marandet";"Marandet";NA
"1085";3477;"MAR3_28";3;"pottery";"";"";"Marandet";"Marandet";NA
