"";"RFAID";"Context";"Level";"Parts";"Lip";"Collar";"Rim";"MnBT";"Angle.fc";"Diameter";"Temper";"Slip";"Burnish";"JAS_decor";"Loc1"
"1";"MAR3_4";"Pit2";"-10";"LU";"F_RE_Ireg_Thi";"";"S";11;"4";32;"32";"yes_s";"no_b";"Undecorated";""
"2";"MAR3_1";"C3";"-10";"LC";"R_RE_Reg";"Shv_Ev";"Ev";7;"4";10;"31";"no_s";"no_b";"Undecorated";""
"3";"MAR3_18";"Pit1";"-10";"LU";"R_RE_Reg";"";"S";6;"1";NA;"32";"yes_s";"no_b";"Mat";"U"
"4";"MAR3_12";"Pit1";"-10";"LC";"F_RE_Reg";"L_Ev";"Ev";NA;NA;24;"31";"yes_s";"no_b";"Undecorated";""
"5";"MAR3_13";"Pit1";"-10";"LU";"R_RE_Reg_Tho";"";"S";6;"5";16;"34";"yes_s";"no_b";"Undecorated";""
"6";"MAR3_19";"Pit1";"-10";"LU";"F_RE_Reg";"";"S";6;"1";14;"31";"no_s";"no_b";"Mat";"U"
"7";"MAR3_17";"Pit1";"-10";"LU";"F_RE_Reg";"";"S";7;"1";14;"31";"no_s";"no_b";"Undecorated";""
"8";"MAR3_3";"Pit2";"-10";"LU";"R_RE_Ireg";"";"S";7;"1";12;"33";"no_s";"no_b";"Paint";"I"
"9";"MAR3_22";"Pit1";"-20";"LU";"F_ShE_Reg";"";"S";8;"1";20;"32";"yes_s";"yes_b";"Mat";"U"
"10";"MAR3_32";"Pit1";"-30";"LCUB";"R_RE_Reg";"Sh_Str";"Ev";5;"4";14;"31";"yes_s";"no_b";"Undecorated";""
"11";"MAR3_62";"";"-40";"LUB";"F_ShEi_Ireg";"";"S";8;"1";12;"33";"yes_s";"no_b";"Undecorated";""
"12";"MAR3_55";"";"-40";"L";"R_ShEi_Reg";"";"S";6;"1";20;"31";"no_s";"no_b";"Undecorated";""
"13";"MAR3_66";"Pit1";"-40";"LU";"F_RE_Reg";"";"S";7;"3";26;"31";"yes_s";"no_b";"Undecorated";""
"14";"MAR3_49";"";"-40";"LC";"R_RE_Reg";"L_Ev";"Ev";NA;NA;16;"31";"yes_s";"no_b";"Undecorated";""
"15";"MAR3_50";"";"-40";"LUB";"F_ShE_Reg";"";"S";8;"1";14;"32";"no_s";"no_b";"Undecorated";""
"16";"MAR3_58";"";"-40";"L";"F_RE_Ireg";"";"S";7;"2";24;"31";"no_s";"no_b";"Undecorated";""
"17";"MAR3_56";"";"-40";"L";"F_RE_Ireg";"";"S";6;"2";12;"31";"yes_s";"yes_b";"Undecorated";""
"18";"MAR3_51";"";"-40";"LU";"R_RE_Ireg";"";"S";9;"1";24;"31";"yes_s";"yes_b";"Undecorated";""
"19";"MAR3_54";"";"-40";"LU";"R_RE_Ireg";"";"S";8;"1";12;"31";"yes_s";"no_b";"Mat";"U"
"20";"MAR3_53";"";"-40";"LU";"R_RE_Ireg";"";"S";6;"1";12;"31";"no_s";"no_b";"Undecorated";""
"21";"MAR3_57";"";"-40";"L";"R_RE_Ireg";"";"S";7;"1";16;"31";"yes_s";"no_b";"Undecorated";""
"22";"MAR3_52";"";"-40";"L";"F_RE_Reg";"";"S";9;"1";20;"31";"no_s";"no_b";"Undecorated";""
"23";"MAR3_72";"";"-50";"LCU";"R_RE_Reg";"L_Ev";"Ev";7;NA;22;"31";"yes_s";"no_b";"Undecorated";""
"24";"MAR3_84";"";"-50";"B";"";"";"Ev";6;NA;6;"32";"yes_s";"no_b";"Paint";"B"
"25";"MAR3_78";"";"-50";"LU";"R_RE_Reg";"";"S";8;"1";18;"31";"no_s";"no_b";"Undecorated";""
"26";"MAR3_73";"";"-50";"LU";"P_RE_Reg";"";"S";5;"2";16;"31";"yes_s";"yes_b";"Undecorated";""
"27";"MAR3_74";"";"-50";"LU";"R_RE_Ireg";"";"S";7;"3";16;"34";"no_s";"no_b";"Undecorated";""
"28";"MAR3_80";"";"-50";"LU";"R_RE_Reg_Tho";"";"S";5;"2";18;"34";"yes_s";"yes_b";"Undecorated";""
"29";"MAR3_81";"";"-50";"LU";"F_ShEi_Ireg";"";"S";6;"2";12;"31";"no_s";"no_b";"Undecorated";""
"30";"MAR3_79";"";"-50";"LC";"R_RE_Reg";"Sh_Ev";"Ev";8;NA;22;"32";"yes_s";"no_b";"Undecorated";""
"31";"MAR3_77";"";"-50";"LU";"R_ShEo_Reg_Thi";"";"S";5;"2";22;"31";"yes_s";"no_b";"Undecorated";""
"32";"MAR3_76";"";"-50";"LU";"R_RE_Ireg";"";"S";7;"1";10;"31";"no_s";"no_b";"Undecorated";""
"33";"MAR3_116";"";"-50";"LC";"R_RE_Reg_Th";"?";"Ev";8;NA;NA;"31";"yes_s";"no_b";"Undecorated";""
"34";"MAR2_56";"";"-30";"LC";"P_RE_Reg";"Sh_Ev";"Ev";6;NA;14;"33";"yes_s";"no_b";"Undecorated";""
"35";"MAR3_115";"";"-50";"LU";"R_RE_Ireg";"";"S";7;"2";16;"31";"yes_s";"no_b";"Undecorated";""
"36";"MAR3_88";"";"-60";"LC";"R_RE_Reg";"L_Ev";"Ev";6;"5";18;"31";"yes_s";"no_b";"Undecorated";""
"37";"MAR3_89";"";"-60";"LC";"R_RE_Reg";"Sh_Ev";"Ev";NA;NA;22;"31";"yes_s";"no_b";"Undecorated";""
"38";"MAR3_90";"";"-60";"LU";"F_RE_Ireg";"";"S";5;"1";10;"31";"yes_s";"no_b";"Mat";"U"
"39";"MAR3_87";"";"-60";"LU";"R_RE_Ireg";"";"S";8;"1";20;"32";"yes_s";"no_b";"Undecorated";""
"40";"MAR3_100";"";"-70";"LU";"F_ShEi_Reg";"";"S";8;"2";12;"34";"yes_s";"no_b";"Mat";"U"
"41";"MAR3_95";"";"-70";"LU";"F_RE_Ireg";"";"S";9;"1";16;"31";"yes_s";"no_b";"Mat";"U"
"42";"MAR3_101";"";"-70";"LU";"R_RE_Reg_Thi";"";"S";8;"5";NA;"31";"yes_s";"no_b";"Undecorated";""
"43";"MAR3_96";"";"-70";"LC";"R_RE_Reg";"Sh_Str";"Ev";NA;NA;28;"34";"yes_s";"no_b";"Undecorated";""
"44";"MAR3_92";"";"-70";"LC";"R_RE_Reg";"L_Str";"Ev";NA;NA;32;"31";"yes_s";"no_b";"Undecorated";""
"45";"MAR3_94";"";"-70";"LC";"R_RE_Reg";"L_Ev";"Ev";NA;NA;16;"31";"yes_s";"no_b";"Undecorated";""
"46";"MAR3_93";"";"-70";"LC";"R_RE_Reg";"Sh_Ev";"Ev";NA;NA;14;"34";"yes_s";"no_b";"Undecorated";""
"47";"MAR3_98";"";"-70";"LU";"F_RE_Ireg";"";"S";7;"1";10;"31";"yes_s";"yes_b";"Undecorated";""
"48";"MAR3_107";"";"-80";"LU";"R_RE_Ireg";"";"S";8;"1";14;"31";"no_s";"no_b";"Undecorated";""
"49";"MAR3_109";"";"-80";"LU";"F_RE_Ireg";"";"S";6;"2";20;"32";"no_s";"no_b";"Undecorated";""
"50";"MAR3_108";"";"-80";"LU";"R_ShEo_Ireg";"Sh_Str_Co";"S";7;"5";20;"31";"no_s";"no_b";"Undecorated";""
"51";"MAR3_110";"";"-90";"LC";"F_RE_Reg";"L_Str";"Ev";NA;NA;34;"31";"yes_s";"no_b";"Undecorated";""
"52";"MAR3_112";"";"-90";"LC";"R_RE_Reg";"Sh_Str";"Ev";NA;"5";16;"31";"yes_s";"yes_b";"Undecorated";""
"53";"MAR3_111";"";"-90";"LC";"R_RE_Reg";"Sh_Ev";"Ev";NA;NA;26;"31";"yes_s";"no_b";"Incision";"L"
"54";"MAR1_6";"";"-20";"LCU";"F_RE_Reg";"L_Str";"Ev";9;"4";38;"31";"yes_s";"no_b";"Various Impressions";"I"
"55";"MAR1_19";"";"-20";"LU";"F_RE_Ireg";"";"S";9;"2";12;"34";"no_s";"no_b";"Undecorated";""
"56";"MAR2_13";"";"-20";"LC";"R_RE_Reg";"Sh_Ev";"Ev";NA;NA;24;"31";"yes_s";"no_b";"Undecorated";""
"57";"MAR1_10";"";"-20";"LU";"F_RE_Reg";"";"S";8;"2";12;"31";"no_s";"no_b";"Undecorated";""
"58";"MAR1_5";"";"-10";"?";"C_RE_Reg";"L_C_Str";"Ev";NA;NA;26;"41";"no_s";"no_b";"Undecorated";""
"59";"MAR2_14";"";"-20";"LC";"R_RE_Reg";"Sh_Ev";"Ev";11;NA;16;"31";"yes_s";"no_b";"Undecorated";""
"60";"MAR1_14";"";"-20";"LC";"F_ShE_Reg";"Sh_Ev";"Ev";NA;NA;32;"31";"yes_s";"no_b";"Undecorated";""
"61";"MAR1_31";"";"-30";"LU";"F_ShE_Ireg";"";"S";11;"1";18;"34";"no_s";"no_b";"Undecorated";""
"62";"MAR1_40";"";"-30";"L";"FP_ShE_Reg";"";"S";NA;"1";16;"31";"no_s";"no_b";"Undecorated";""
"63";"MAR1_38";"";"-30";"LU";"F_RE_Ireg";"";"S";7;"1";16;"34";"yes_s";"no_b";"Undecorated";""
"64";"MAR1_37";"";"-30";"L";"R_RE_Ireg";"";"S";NA;"1";12;"31";"no_s";"no_b";"Undecorated";""
"65";"MAR1_24";"";"-30";"LU";"R_ShEi_Ireg";"";"S";8;"1";12;"33";"no_s";"no_b";"Undecorated";""
"66";"MAR1_36";"";"-30";"LU";"F_ShEi_Ireg";"";"S";8;"1";18;"31";"no_s";"no_b";"Undecorated";""
"67";"MAR1_37";"";"-30";"LU";"R_RE_Ireg";"";"S";5;"1";14;"31";"no_s";"no_b";"Undecorated";""
"68";"MAR1_23";"";"-30";"LU";"R_RE_Ireg";"";"S";7;"1";16;"41";"no_s";"no_b";"Undecorated";""
"69";"MAR1_16";"";"-20";"LCU";"R_RE_Reg";"Shv_Str";"Ev";11;"5";24;"31";"no_s";"no_b";"Undecorated";""
"70";"MAR1_9";"";"-20";"LU";"R_RE_Ireg";"";"S";6;"1";10;"31";"no_s";"no_b";"Mat";"U"
"71";"MAR1_20";"";"-20";"LU";"R_RE_Ireg";"";"S";5;"5";14;"31";"no_s";"no_b";"Undecorated";""
"72";"MAR1_17";"";"-20";"LC";"R_RE_Reg";"L_Ev";"Ev";NA;NA;20;"31";"yes_s";"no_b";"Undecorated";""
"73";"MAR2_9";"";"-20";"LC";"R_RE_Reg";"Sh_Ev";"Ev";NA;NA;18;"31";"yes_s";"no_b";"Undecorated";""
"74";"MAR2_12";"";"-20";"LC";"R_RE_Reg";"L_Str";"Ev";NA;NA;20;"31";"no_s";"no_b";"Undecorated";""
"75";"MAR2_6";"";"-20";"LU";"R_RE_Ireg";"";"S";7;"2";14;"31";"yes_s";"no_b";"Undecorated";""
"76";"MAR2_15";"";"-20";"LC";"R_RE_Reg";"Sh_Str";"Ev";NA;NA;20;"31";"yes_s";"no_b";"Undecorated";""
"77";"MAR2_8";"";"-20";"LC?";"F_ShEo_Reg";"L_Ev";"Ev";NA;NA;NA;"34";"yes_s";"no_b";"Undecorated";""
"78";"MAR2_3";"";"-10";"LC";"R_RE_Reg";"Sh_Ev";"Ev";NA;NA;30;"31";"yes_s";"no_b";"Undecorated";""
"79";"MAR2_5";"";"-10";"LU";"F_ShEi_Ireg";"";"S";7;"1";14;"31";"yes_s";"no_b";"Undecorated";""
"80";"MAR2_1";"";"-10";"LC";"F_ShEo_Ireg";"Sh_Str";"Ev";NA;NA;24;"31";"yes_s";"no_b";"Undecorated";""
"81";"MAR2_4";"";"-10";"LCU";"R_RE_Reg";"Sh_Str";"Ev";8;"4";8;"31";"yes_s";"yes_b";"Undecorated";""
"82";"MAR2_2";"";"-10";"LU";"F_RE_Ireg";"";"S";8;"2";20;"32";"no_s";"no_b";"Undecorated";""
"83";"MAR2_25";"";"-40";"LUB";"F_ShE_Ireg";"";"S";9;"2";18;"31";"yes_s";"no_b";"Undecorated";""
"84";"MAR2_26";"";"-40";"LC";"R_RE_Reg";"L_Ev";"Ev";NA;NA;30;"31";"no_s";"no_b";"Undecorated";""
"85";"MAR2_27";"";"-40";"LU";"F_RE_Ireg";"";"S";7;"1";16;"31";"no_s";"no_b";"Undecorated";""
"86";"MAR2_28";"";"-40";"LCU";"R_RE_Reg";"Sh_Ev";"Ev";11;"5";18;"31";"yes_s";"no_b";"Undecorated";""
"87";"MAR2_36";"";"-50";"LC";"R_RE_Reg";"L_Ev";"Ev";NA;NA;34;"32";"yes_s";"no_b";"Undecorated";""
"88";"MAR2_31";"";"-50";"LU";"F_RE_Ireg";"";"S";7;"1";16;"31";"yes_s";"no_b";"Undecorated";""
"89";"MAR2_33";"";"-50";"LC";"R_RE_Reg";"L_Ev";"Ev";NA;NA;30;"32";"yes_s";"no_b";"Undecorated";""
"90";"MAR2_43";"";"-50";"LC";"R_RE_Reg";"L_Ev";"Ev";NA;NA;26;"31";"yes_s";"no_b";"Undecorated";""
"91";"MAR2_51";"";"-50";"LC";"F_RE_Reg";"L_Str";"Ev";NA;NA;34;"34";"yes_s";"no_b";"Undecorated";""
"92";"MAR2_47";"";"-50";"LU";"R_RE_Reg";"";"S";7;"1";16;"34";"yes_s";"no_b";"Undecorated";""
"93";"MAR2_49";"";"-50";"LC";"R_RE_Reg";"Sh_Ev";"Ev";NA;NA;18;"31";"yes_s";"yes_b";"Undecorated";""
"94";"MAR2_48";"";"-50";"LC";"R_RE_Reg";"L_Ev";"Ev";NA;NA;30;"33";"yes_s";"no_b";"Undecorated";""
"95";"MAR2_32";"";"-50";"LC";"R_RE_Reg";"L_Ev";"Ev";NA;NA;32;"31";"yes_s";"no_b";"Undecorated";""
"96";"MAR2_35";"";"-50";"LC";"R_RE_Reg";"L_Ev";"Ev";NA;NA;32;"32";"yes_s";"no_b";"Undecorated";""
"97";"MAR3_34";"";"?";"LC";"R_RE_Reg";"L_Ev";"Ev";NA;NA;20;"31";"yes_s";"no_b";"Undecorated";""
"98";"MAR_205";"";"?";"LC";"R_RE_Reg";"Sh_Str";"Ev";NA;NA;12;"34";"yes_s";"yes_b";"Paint";"C"
"99";"MAR2_52";"";"-70";"LC";"R_RE_Reg";"Sh_Ev";"Ev";NA;NA;16;"31";"yes_s";"no_b";"Undecorated";""
"100";"MAR2_54";"";"-80";"LC";"R_RE_Reg";"Sh_Ev";"Ev";NA;NA;NA;"31";"yes_s";"no_b";"Undecorated";""
"101";"MAR2_53";"";"-80";"LC";"R_RE_Reg";"Sh_Ev";"Ev";NA;NA;26;"31";"yes_s";"no_b";"Undecorated";""
"102";"MAR2_55";"";"-80";"LU";"F_RE_Ireg";"";"S";6;"2";10;"31";"no_s";"no_b";"Undecorated";""
"103";"MAR_210";"";"Surface";"LC";"C_RE_Reg";"L_Ev_C";"Ev";NA;"4";22;"34";"no_s";"no_b";"Undecorated";""
"104";"MAR3_40";"Pit1";"-30";"LU";"R_RE_Reg";"";"S";7;"1";8;"32";"yes_s";"no_b";"Undecorated";""
"105";"MAR1_25";"";"-30";"L";"F_RE_Ireg";"";"Ev";NA;NA;16;"31";"no_s";"no_b";"Undecorated";""
"106";"MAR3_99";"";"-70";"LC";"F_RE_Reg";"Sh_Ev";"Ev";NA;NA;28;"31";"yes_s";"no_b";"Undecorated";""
"107";"MAR3_82";"";"-50";"LU";"F_RE_Ireg";"";"S";7;"2";12;"32";"yes_s";"yes_b";"Undecorated";""
"108";"MAR2_20";"";"-30";"LC";"R_RE_Reg";"L_Ev";"Ev";NA;NA;22;"31";"yes_s";"no_b";"Undecorated";""
"109";"MAR3_71";"";"-50";"LU";"F_RE_Ireg";"";"S";7;"1";14;"34";"yes_s";"no_b";"Undecorated";""
"110";"MAR3_5";"Pit1";"-10";"LCUB";"R_RE_Reg";"Sh_Str";"Ev";6;"5";14;"31";"no_s";"no_b";"Undecorated";""
"111";"MAR3_83";"";"";"LU";"R_ShEo_Reg_Thi";"";"S";6;NA;NA;"32";"yes_s";"no_b";"Undecorated";""
"112";"MAR2_18";"";"";"LC";"R_RE_Reg";"Sh_Str";"Ev";NA;NA;24;"31";"yes_s";"no_b";"Undecorated";""
"113";"MAR3_31";"Pit1";"-30";"LCUB";"R_RE_Reg";"L_Ev";"Ev";5;"5";14;"31";"yes_s";"no_b";"Mat";"B"
"114";"MAR3_215";"Pit1";"-30";"LU";"F_RE_Ireg";"";"S";7;"1";20;"33";"yes_s";"no_b";"Undecorated";""
"115";"MAR3_33";"Pit1";"-30";"LU";"F_RE_Reg";"";"S";9;"1";16;"31";"yes_s";"no_b";"Undecorated";""
"116";"MAR3_39";"Pit1";"-30";"LU";"F_RE_Ireg";"";"S";9;"1";NA;"31";"no_s";"no_b";"Undecorated";""
"117";"MAR3_43";"Pit1";"-30";"LU";"F_RE_ud";"";"S";7;NA;NA;"31";"no_s";"no_b";"Undecorated";""
"118";"MAR3_42";"Pit1";"-30";"LU";"R_RE_Reg";"";"S";6;"1";14;"21";"yes_s";"no_b";"Undecorated";""
"119";"MAR3_46";"Pit1";"-30";"LU";"F_RE_Ireg";"";"S";8;"2";12;"31";"no_s";"no_b";"Undecorated";""
"120";"MAR3_35";"Pit1";"-30";"LU";"R_RE_Reg";"";"S";8;"1";20;"31";"no_s";"no_b";"Undecorated";""
"121";"MAR3_14";"Pit1";"-30";"LU";"R_RE_Ireg";"";"S";7;"1";14;"31";"no_s";"no_b";"Undecorated";""
"122";"MAR3_44";"Pit1";"-30";"LU";"R_ShEi_Ireg";"";"S";6;"2";NA;"31";"yes_s";"no_b";"Undecorated";""
"123";"MAR3_48";"Pit1";"-30";"LU";"F_RE_Ireg";"";"S";8;"1";16;"31";"no_s";"no_b";"Undecorated";""
"124";"MAR3_16";"Pit1";"-30";"LU";"R_RE_Ireg";"";"S";10;"1";16;"31";"no_s";"no_b";"Undecorated";""
"125";"MAR3_41";"Pit1";"-30";"LU";"F_RE_Ireg";"";"S";7;"2";12;"31";"yes_s";"yes_b";"Undecorated";""
"126";"MAR3_29";"Pit1";"-30";"Bo";"";"";"Ev";7;NA;NA;"33";"no_s";"no_b";"Undecorated";""
"127";"MAR3_30";"Pit1";"-30";"Bo";"";"";"Ev";10;NA;NA;"31";"no_s";"no_b";"Twisted_cord_roulette";"Bo"
"128";"MAR3_28";"Pit1";"-30";"Bo";"";"";"Ev";4;NA;NA;"31";"yes_s";"yes_b";"Sgraffito";""
"129";"MAR3_26";"Pit1";"-30";"Bo";"";"";"Ev";4;NA;NA;"31";"yes_s";"yes_b";"Undecorated";""
"130";"MAR3_27";"Pit1";"-30";"Bo";"";"";"Ev";6;NA;NA;"31";"no_s";"no_b";"Undecorated";""
"131";"MAR_204";"";"";"NU";"";"";"Ev";6;"5";NA;"31";"no_s";"no_b";"Undecorated";""
"132";"MAR1_33";"";"-30";"Bo";"";"";"Ev";8;NA;NA;"31";"no_s";"no_b";"Mat";"Bo"
"133";"MAR2_203";"";"-30";"U";"";"";"Ev";7;"5";NA;"31";"yes_s";"no_b";"Paint";"U"
"134";"MAR3_202";"";"-50";"Bo";"";"";"Ev";5;NA;NA;"32";"yes_s";"yes_b";"Paint";"Bo"
"135";"MAR1_58";"";"-30";"Bo";"";"";"Ev";7;NA;NA;"31";"no_s";"no_b";"Mat";"Bo"
"136";"MAR3_25";"";"-30";"Bo";"";"";"Ev";11;NA;NA;"31";"no_s";"no_b";"Folded_strip_roulette";"Bo"
"137";"MAR2_23";"";"-30";"BoH";"";"";"Ev";8;NA;NA;"31";"yes_s";"yes_b";"Undecorated";""
"138";"MAR3_211";"";"-70";"Bo";"";"";"Ev";7;NA;NA;"31";"yes_s";"yes_b";"Mat";"Bo"
"139";"MAR1_26";"";"-30";"Bo";"";"";"Ev";8;NA;NA;"31";"no_s";"no_b";"Twisted_cord_roulette";"Bo"
"140";"MAR1_32";"";"-30";"Bo";"";"";"Ev";8;NA;NA;"31";"no_s";"no_b";"Mat";"Bo"
"141";"MAR1_34";"";"-30";"Bo";"";"";"Ev";7;NA;NA;"31";"no_s";"no_b";"Mat";"Bo"
"142";"MAR1_42";"";"-30";"Bo";"";"";"Ev";9;NA;NA;"31";"no_s";"no_b";"Mat";"Bo"
"143";"MAR1_39";"";"-30";"Bo";"";"";"Ev";12;NA;NA;"31";"yes_s";"no_b";"Mat";"Bo"
"144";"MAR2_214";"";"-30";"Bo";"";"";"Ev";5;NA;NA;"34";"yes_s";"no_b";"Undecorated";""
"145";"MAR2_19";"";"";"Bo";"";"";"Ev";5;NA;NA;"31";"yes_s";"no_b";"Undecorated";""
"146";"MAR2_41";"";"-50";"Bo";"";"";"Ev";4;NA;NA;"31";"no_s";"no_b";"Mat";"Bo"
"147";"MAR2_40";"";"-50";"Bo";"";"";"Ev";13;NA;NA;"31";"yes_s";"no_b";"Incision";"Bo"
"148";"MAR2_39";"";"-50";"Bo";"";"";"Ev";6;NA;NA;"31";"yes_s";"yes_b";"Sgraffito";""
"149";"MAR2_45";"";"-50";"Bo";"";"";"Ev";8;NA;NA;"31";"yes_s";"no_b";"Undecorated";""
"150";"MAR2_37";"";"-50";"Bo";"";"";"Ev";8;NA;NA;"32";"yes_s";"no_b";"Mat";"Bo"
"151";"MAR2_38";"";"-50";"Bo";"";"";"Ev";12;NA;NA;"31";"yes_s";"no_b";"Incision";"Bo"
"152";"MAR2_34";"";"-50";"Bo";"";"";"Ev";5;NA;NA;"41";"no_s";"no_b";"Undecorated";""
"153";"MAR2_29";"";"-50";"Bo";"";"";"Ev";7;NA;NA;"31";"yes_s";"no_b";"Mat";"Bo"
"154";"MAR2_46";"";"-50";"H";"";"";"Ev";NA;NA;NA;"32";"yes_s";"no_b";"Undecorated";""
"155";"MAR2_30";"";"-50";"Bo";"";"";"Ev";8;NA;NA;"34";"yes_s";"no_b";"Various Impressions";"Bo"
"156";"MAR2_50";"";"-50";"Bo";"";"";"Ev";11;NA;NA;"31";"yes_s";"no_b";"Undecorated";""
"157";"MAR2_42";"";"-50";"Bo";"";"";"Ev";8;NA;NA;"31";"yes_s";"no_b";"Mat";"Bo"
"158";"MAR2_16";"";"-20";"Bo";"";"";"Ev";NA;NA;NA;"41";"no_s";"no_b";"Various Impressions";"Bo"
"159";"MAR2_17";"";"-20";"H";"";"";"Ev";NA;NA;NA;"31";"yes_s";"no_b";"Undecorated";""
"160";"MAR1_1";"";"-10";"Bo";"";"";"Ev";8;NA;NA;"31";"no_s";"no_b";"Incision";"Bo"
"161";"MAR_206";"";"";"Bo";"";"";"Ev";5;NA;NA;"34";"yes_s";"yes_b";"Paint";"Bo"
"162";"MAR1_3";"";"-10";"Bo";"";"";"Ev";7;NA;NA;"34";"yes_s";"no_b";"Mat";"Bo"
"163";"MAR1_18";"";"-20";"Bo";"";"";"Ev";8;NA;NA;"31";"no_s";"no_b";"Various Impressions";"Bo"
"164";"MAR1_12";"";"-20";"Bo";"";"";"Ev";8;NA;NA;"34";"no_s";"yes_b";"UR";"Bo"
"165";"MAR1_11";"";"-20";"BoH";"";"";"Ev";7;NA;NA;"34";"yes_s";"no_b";"Undecorated";""
"166";"MAR1_8";"";"-20";"Bo";"";"";"Ev";7;NA;NA;"31";"no_s";"no_b";"Mat";"Bo"
"167";"MAR1_21";"";"-20";"Bo";"";"";"Ev";8;NA;NA;"34";"yes_s";"yes_b";"Mat";"Bo"
"168";"MAR1_7";"";"-20";"Bo";"";"";"Ev";8;NA;NA;"34";"yes_s";"no_b";"Various Impressions";"Bo"
"169";"MAR1_15";"";"-30";"Bo";"";"";"Ev";8;NA;NA;"34";"yes_s";"no_b";"Mat";"Bo"
"170";"MAR1_44";"";"-30";"Bo";"";"";"Ev";4;NA;NA;"31";"no_s";"no_b";"Undecorated";""
"171";"MAR1_30";"";"-30";"Bo";"";"";"Ev";8;NA;NA;"34";"no_s";"no_b";"Mat";"Bo"
"172";"MAR1_13";"";"-30";"Bo";"";"";"Ev";9;NA;NA;"34";"no_s";"no_b";"Twisted_cord_roulette";"Bo"
"173";"MAR1_41";"";"-30";"Bo";"";"";"Ev";9;NA;NA;"31";"no_s";"no_b";"Mat";"Bo"
"174";"MAR1_43";"";"-30";"Bo";"";"";"Ev";10;NA;NA;"34";"no_s";"no_b";"Twisted_cord_roulette";"Bo"
"175";"MAR3_114";"";"-100";"Bo";"";"";"Ev";8;NA;NA;"42";"yes_s";"no_b";"UR";"Bo"
"176";"MAR3_113";"";"-90";"Bo";"";"";"Ev";9;NA;NA;"34";"no_s";"no_b";"Braided_strip_roulette";"Bo"
"177";"MAR3_113";"";"-80";"Bo";"";"";"Ev";9;NA;NA;"31";"yes_s";"no_b";"Paint";"I"
"178";"MAR3_105";"";"-80";"Bo";"";"";"Ev";16;NA;NA;"34";"yes_s";"no_b";"Twisted_cord_roulette";"Bo"
"179";"MAR3_104";"";"-70";"Bo";"";"";"Ev";4;NA;NA;"41";"yes_s";"no_b";"Paint";"Bo"
"180";"MAR3_97";"";"-70";"Bo";"";"";"Ev";7;NA;NA;"34";"yes_s";"no_b";"Paint";"Bo"
"181";"MAR3_103";"";"-70";"Bo";"";"";"Ev";4;NA;NA;"31";"no_s";"no_b";"Undecorated";""
"182";"MAR3_102";"";"-70";"Bo";"";"";"Ev";6;NA;NA;"34";"yes_s";"no_b";"Paint";"Bo"
"183";"MAR3_85";"";"-60";"Bo";"";"";"Ev";7;NA;NA;"31";"no_s";"no_b";"Mat";"Bo"
"184";"MAR3_86";"";"-60";"Bo";"";"";"Ev";6;NA;NA;"31";"no_s";"no_b";"Twisted_cord_roulette";"Bo"
"185";"MAR3_20";"";"-20";"Bo";"";"";"Ev";11;NA;NA;"31";"no_s";"no_b";"Folded_strip_roulette";"Bo"
"186";"MAR3_209";"";"-40";"Bo";"";"";"Ev";5;NA;NA;"32";"yes_s";"yes_b";"Sgraffito";"Bo"
"187";"MAR3_208";"";"-40";"Bo";"";"";"Ev";7;NA;NA;"31";"yes_s";"yes_b";"Sgraffito";"Bo"
"188";"MAR1_4";"";"-10";"Bo";"";"";"Ev";6;NA;NA;"21";"yes_s";"yes_b";"Sgraffito";"Bo"
"189";"MAR3_6";"Pit1";"-10";"Bo";"";"";"Ev";5;NA;NA;"33";"no_s";"no_b";"Mat";"Bo"
"190";"MAR3_9";"Pit1";"-10";"Bo";"";"";"Ev";6;NA;NA;"31";"yes_s";"no_b";"Paint";"Bo"
"191";"MAR3_10";"Pit1";"-10";"H";"";"";"Ev";NA;NA;NA;"32";"yes_s";"no_b";"Undecorated";""
"192";"MAR3_11";"Pit1";"-10";"Bo";"";"";"Ev";8;NA;NA;"34";"yes_s";"no_b";"Incision";"Bo"
"193";"MAR3_15";"Pit1";"-10";"Bo";"";"";"Ev";10;NA;NA;"34";"no_s";"no_b";"Folded_strip_roulette";"Bo"
"194";"MAR3_8";"Pit1";"-10";"Bo";"";"";"Ev";8;NA;NA;"32";"yes_s";"no_b";"Undecorated";""
"195";"MAR3_47";"Pit1";"-10";"Bo";"";"";"Ev";7;NA;NA;"41";"no_s";"no_b";"Incision";"Bo"
"196";"MAR3_7";"Pit1";"-10";"Bo";"";"";"Ev";9;NA;NA;"34";"no_s";"no_b";"Folded_strip_roulette";"Bo"
"197";"MAR3_60";"";"-40";"Bo";"";"";"Ev";10;NA;NA;"33";"no_s";"no_b";"Undecorated";""
"198";"MAR3_2";"";"-10";"Bo";"";"";"Ev";10;NA;NA;"32";"yes_s";"no_b";"Incision";"Bo"
"199";"MAR3_21";"Pit1";"-20";"Bo";"";"";"Ev";4;NA;NA;"51";"no_s";"no_b";"Undecorated";""
"200";"MAR3_201";"";"-30";"Bo";"";"";"Ev";8;NA;NA;"34";"yes_s";"no_b";"Paint";"Bo"
"201";"MAR3_45";"Pit1";"-30";"Bo";"";"";"Ev";8;NA;NA;"34";"no_s";"no_b";"Incision";"Bo"
"202";"MAR3_75";"";"-50";"Bo";"";"";"Ev";6;NA;NA;"34";"yes_s";"no_b";"Undecorated";""
"203";"MAR3_64";"Pit1";"-40";"Bo";"";"";"Ev";16;NA;NA;"34";"yes_s";"no_b";"UR";"Bo"
"204";"MAR3_65";"Pit1";"-40";"Bo";"";"";"Ev";5;NA;NA;"34";"no_s";"no_b";"Twisted_cord_roulette";"Bo"
"205";"MAR3_207";"";"";"Bo";"";"";"Ev";6;NA;NA;"31";"yes_s";"no_b";"Paint";"Bo"
"206";"MAR3_117";"";"-90";"Bo";"";"";"Ev";7;NA;NA;"31";"no_s";"no_b";"Twisted_cord_roulette";"Bo"
"207";"MAR1_45";"";"-30";"Bo";"";"";"Ev";6;NA;NA;"33";"yes_s";"no_b";"Incision";"Bo"
"208";"MAR2_44";"";"-50";"LC";"R_RE_Reg";"L_Ev";"Ev";NA;NA;NA;"33";"yes_s";"no_b";"Undecorated";""
"209";"MAR1_29";"";"-30";"Bo";"";"";"Ev";8;NA;NA;"33";"yes_s";"no_b";"Mat";"Bo"
"210";"MAR3_36";"Pit1";"-30";"LU";"F_RE_Ireg";"";"S";9;"1";16;"34";"yes_s";"no_b";"Mat";"U"
"211";"MAR1_22";"";"-30";"Bo";"";"";"Ev";8;NA;NA;"31";"yes_s";"no_b";"Mat";"Bo"
"212";"MAR2_10";"";"-20";"LC";"R_RE_Reg";"L_Ev";"Ev";NA;NA;30;"31";"yes_s";"no_b";"Undecorated";""
"213";"MAR3_5";"Pit1";"-10";"LCUB";"R_RE_Reg";"Sh_Str";"Ev";8;"4";14;"34";"yes_s";"no_b";"Undecorated";""
"214";"MAR3_37";"Pit1";"-30";"LC";"R_ShEo_Ireg";"L_Ev";"Ev";NA;NA;NA;"32";"yes_s";"no_b";"Undecorated";""
"215";"MAR2_11";"";"-20";"LC";"F_RE_Reg";"L_Ev";"Ev";NA;NA;24;"34";"yes_s";"no_b";"Undecorated";""
"216";"MAR_212";"";"";"Bo";"";"";"Ev";NA;NA;NA;"42";"no_s";"no_b";"Various Impressions";"Bo"
"217";"MAR_213";"";"-10";"Bo";"";"";"Ev";NA;NA;NA;"32";"no_s";"no_b";"Mat";"Bo"
